2025-06-22 20:44:33,571 [Worker-1: Loading available Gradle versions] INFO  o.e.b.c.i.u.g.PublishedGradleVersions - Gradle version information cache is out-of-date. Trying to update.
2025-06-22 20:45:30,036 [Worker-10: Update Maven projects configuration] INFO  o.e.m.c.i.p.ProjectConfigurationManager - Update started
2025-06-22 20:45:33,384 [Worker-10: Update Maven projects configuration] INFO  o.e.m.c.i.l.LifecycleMappingFactory - Using org.eclipse.m2e.jdt.JarLifecycleMapping lifecycle mapping for MavenProject: com.thetiebar:demo:0.0.1-SNAPSHOT @ C:\Users\pavan\Downloads\demo\demo\pom.xml.
2025-06-22 20:45:39,896 [Worker-10: Update Maven projects configuration] INFO  o.e.m.j.i.AbstractJavaProjectConfigurator - Adding source folder /demo_demo/src/main/java
2025-06-22 20:45:39,896 [Worker-10: Update Maven projects configuration] INFO  o.e.m.j.i.AbstractJavaProjectConfigurator - Adding resource folder /demo_demo/src/main/resources
2025-06-22 20:45:39,906 [Worker-10: Update Maven projects configuration] INFO  o.e.m.j.i.AbstractJavaProjectConfigurator - Adding resource folder /demo_demo/src/main/resources
2025-06-22 20:45:39,917 [Worker-10: Update Maven projects configuration] INFO  o.e.m.j.i.AbstractJavaProjectConfigurator - Adding source folder /demo_demo/src/test/java
2025-06-22 20:45:45,648 [Worker-10: Update Maven projects configuration] INFO  o.e.m.c.i.p.ProjectConfigurationManager - Update completed for 1 poms: local refresh takes 0.00 sec, refresh facades takes 9.00 sec, update config takes 6.00 sec 
2025-06-22 20:46:40,626 [Worker-7: Building] INFO  o.e.m.c.i.l.LifecycleMappingFactory - Using org.eclipse.m2e.jdt.JarLifecycleMapping lifecycle mapping for MavenProject: com.thetiebar:demo:0.0.1-SNAPSHOT @ C:\Users\pavan\Downloads\demo\demo\pom.xml.
2025-06-22 20:46:41,509 [Worker-7: Building] INFO  o.a.m.s.f.DefaultMavenResourcesFiltering - Copying 1 resource from src\main\resources to target\classes
2025-06-22 20:46:41,524 [Worker-7: Building] INFO  o.a.m.s.f.DefaultMavenResourcesFiltering - Copying 0 resource from src\main\resources to target\classes
2025-06-22 20:46:41,530 [Worker-7: Building] INFO  o.a.m.s.f.DefaultMavenResourcesFiltering - skip non existing resourceDirectory C:\Users\pavan\Downloads\demo\demo\src\test\resources
2025-06-22 20:46:42,354 [Worker-10: Updating Maven Dependencies] INFO  o.e.m.c.i.l.LifecycleMappingFactory - Using org.eclipse.m2e.jdt.JarLifecycleMapping lifecycle mapping for MavenProject: com.thetiebar:demo:0.0.1-SNAPSHOT @ C:\Users\pavan\Downloads\demo\demo\pom.xml.
2025-06-22 20:46:43,535 [Worker-7: Building] INFO  o.a.m.s.f.DefaultMavenResourcesFiltering - Copying 1 resource from src\main\resources to target\classes
2025-06-22 20:46:43,550 [Worker-7: Building] INFO  o.a.m.s.f.DefaultMavenResourcesFiltering - Copying 0 resource from src\main\resources to target\classes
2025-06-22 20:46:43,554 [Worker-7: Building] INFO  o.a.m.s.f.DefaultMavenResourcesFiltering - skip non existing resourceDirectory C:\Users\pavan\Downloads\demo\demo\src\test\resources
2025-06-22 20:47:24,300 [Worker-6: Building] INFO  o.a.m.s.f.DefaultMavenResourcesFiltering - Copying 1 resource from src\main\resources to target\classes
2025-06-22 20:47:24,367 [Worker-6: Building] INFO  o.a.m.s.f.DefaultMavenResourcesFiltering - Copying 0 resource from src\main\resources to target\classes
2025-06-22 20:47:24,369 [Worker-6: Building] INFO  o.a.m.s.f.DefaultMavenResourcesFiltering - skip non existing resourceDirectory C:\Users\pavan\Downloads\demo\demo\src\test\resources
2025-06-22 20:48:01,426 [Worker-5: Building] INFO  o.a.m.s.f.DefaultMavenResourcesFiltering - Copying 1 resource from src\main\resources to target\classes
2025-06-22 20:48:01,429 [Worker-5: Building] INFO  o.a.m.s.f.DefaultMavenResourcesFiltering - Copying 0 resource from src\main\resources to target\classes
2025-06-22 20:48:01,432 [Worker-5: Building] INFO  o.a.m.s.f.DefaultMavenResourcesFiltering - skip non existing resourceDirectory C:\Users\pavan\Downloads\demo\demo\src\test\resources
2025-06-22 20:48:18,777 [Worker-10: Updating Maven Project] INFO  o.e.m.c.i.p.ProjectConfigurationManager - Update started
2025-06-22 20:48:19,052 [Worker-10: Updating Maven Project] INFO  o.e.m.c.i.l.LifecycleMappingFactory - Using org.eclipse.m2e.jdt.JarLifecycleMapping lifecycle mapping for MavenProject: com.thetiebar:demo:0.0.1-SNAPSHOT @ C:\Users\pavan\Downloads\demo\demo\pom.xml.
2025-06-22 20:48:19,738 [Worker-10: Updating Maven Project] INFO  o.e.m.j.i.AbstractJavaProjectConfigurator - Adding source folder /demo_demo/src/main/java
2025-06-22 20:48:19,738 [Worker-10: Updating Maven Project] INFO  o.e.m.j.i.AbstractJavaProjectConfigurator - Adding resource folder /demo_demo/src/main/resources
2025-06-22 20:48:19,738 [Worker-10: Updating Maven Project] INFO  o.e.m.j.i.AbstractJavaProjectConfigurator - Adding resource folder /demo_demo/src/main/resources
2025-06-22 20:48:19,738 [Worker-10: Updating Maven Project] INFO  o.e.m.j.i.AbstractJavaProjectConfigurator - Adding source folder /demo_demo/src/test/java
2025-06-22 20:48:20,250 [Worker-10: Updating Maven Project] INFO  o.e.m.c.i.p.ProjectConfigurationManager - Update completed for 1 poms: local refresh takes 0.00 sec, refresh facades takes 0.00 sec, update config takes 0.00 sec 
2025-06-22 21:04:13,961 [Worker-24: Updating Maven Project] INFO  o.e.m.c.i.p.ProjectConfigurationManager - Update started
2025-06-22 21:04:14,216 [Worker-24: Updating Maven Project] INFO  o.e.m.c.i.l.LifecycleMappingFactory - Using org.eclipse.m2e.jdt.JarLifecycleMapping lifecycle mapping for MavenProject: com.thetiebar:demo:0.0.1-SNAPSHOT @ C:\Users\pavan\Downloads\demo\demo\pom.xml.
2025-06-22 21:04:15,009 [Worker-24: Updating Maven Project] INFO  o.e.m.j.i.AbstractJavaProjectConfigurator - Adding source folder /demo_demo/src/main/java
2025-06-22 21:04:15,009 [Worker-24: Updating Maven Project] INFO  o.e.m.j.i.AbstractJavaProjectConfigurator - Adding resource folder /demo_demo/src/main/resources
2025-06-22 21:04:15,009 [Worker-24: Updating Maven Project] INFO  o.e.m.j.i.AbstractJavaProjectConfigurator - Adding resource folder /demo_demo/src/main/resources
2025-06-22 21:04:15,010 [Worker-24: Updating Maven Project] INFO  o.e.m.j.i.AbstractJavaProjectConfigurator - Adding source folder /demo_demo/src/test/java
2025-06-22 21:04:15,438 [Worker-24: Updating Maven Project] INFO  o.e.m.c.i.p.ProjectConfigurationManager - Update completed for 1 poms: local refresh takes 0.00 sec, refresh facades takes 1.00 sec, update config takes 0.00 sec 
2025-06-22 21:06:00,385 [Worker-16: Updating Maven Project] INFO  o.e.m.c.i.p.ProjectConfigurationManager - Update started
2025-06-22 21:06:00,675 [Worker-16: Updating Maven Project] INFO  o.e.m.c.i.l.LifecycleMappingFactory - Using org.eclipse.m2e.jdt.JarLifecycleMapping lifecycle mapping for MavenProject: com.thetiebar:demo:0.0.1-SNAPSHOT @ C:\Users\pavan\Downloads\demo\demo\pom.xml.
2025-06-22 21:06:01,502 [Worker-16: Updating Maven Project] INFO  o.e.m.j.i.AbstractJavaProjectConfigurator - Adding source folder /demo_demo/src/main/java
2025-06-22 21:06:01,503 [Worker-16: Updating Maven Project] INFO  o.e.m.j.i.AbstractJavaProjectConfigurator - Adding resource folder /demo_demo/src/main/resources
2025-06-22 21:06:01,503 [Worker-16: Updating Maven Project] INFO  o.e.m.j.i.AbstractJavaProjectConfigurator - Adding resource folder /demo_demo/src/main/resources
2025-06-22 21:06:01,503 [Worker-16: Updating Maven Project] INFO  o.e.m.j.i.AbstractJavaProjectConfigurator - Adding source folder /demo_demo/src/test/java
2025-06-22 21:06:01,936 [Worker-16: Updating Maven Project] INFO  o.e.m.c.i.p.ProjectConfigurationManager - Update completed for 1 poms: local refresh takes 0.00 sec, refresh facades takes 1.00 sec, update config takes 0.00 sec 
2025-06-22 21:12:47,631 [Worker-27: Launching Executing clean in C__Users_pavan_Downloads_demo_demo] INFO  o.eclipse.m2e.core.internal.Bundles - getClasspathEntries(Bundle=org.eclipse.m2e.maven.runtime_3.8.604.20221130-2149 [345])
2025-06-22 21:12:47,647 [Worker-27: Launching Executing clean in C__Users_pavan_Downloads_demo_demo] INFO  o.eclipse.m2e.core.internal.Bundles - 	Entry: C:\Users\pavan\Downloads\sts-4.17.1.RELEASE\plugins\org.eclipse.m2e.maven.runtime_3.8.604.20221130-2149
2025-06-22 21:12:47,647 [Worker-27: Launching Executing clean in C__Users_pavan_Downloads_demo_demo] INFO  o.eclipse.m2e.core.internal.Bundles - 	Entry: C:\Users\pavan\Downloads\sts-4.17.1.RELEASE\plugins\org.eclipse.m2e.maven.runtime_3.8.604.20221130-2149\jars\aether-connector-okhttp-0.17.8.jar
2025-06-22 21:12:47,647 [Worker-27: Launching Executing clean in C__Users_pavan_Downloads_demo_demo] INFO  o.eclipse.m2e.core.internal.Bundles - 	Entry: C:\Users\pavan\Downloads\sts-4.17.1.RELEASE\plugins\org.eclipse.m2e.maven.runtime_3.8.604.20221130-2149\jars\commons-cli-1.4.jar
2025-06-22 21:12:47,648 [Worker-27: Launching Executing clean in C__Users_pavan_Downloads_demo_demo] INFO  o.eclipse.m2e.core.internal.Bundles - 	Entry: C:\Users\pavan\Downloads\sts-4.17.1.RELEASE\plugins\org.eclipse.m2e.maven.runtime_3.8.604.20221130-2149\jars\commons-io-2.6.jar
2025-06-22 21:12:47,648 [Worker-27: Launching Executing clean in C__Users_pavan_Downloads_demo_demo] INFO  o.eclipse.m2e.core.internal.Bundles - 	Entry: C:\Users\pavan\Downloads\sts-4.17.1.RELEASE\plugins\org.eclipse.m2e.maven.runtime_3.8.604.20221130-2149\jars\commons-lang3-3.8.1.jar
2025-06-22 21:12:47,648 [Worker-27: Launching Executing clean in C__Users_pavan_Downloads_demo_demo] INFO  o.eclipse.m2e.core.internal.Bundles - 	Entry: C:\Users\pavan\Downloads\sts-4.17.1.RELEASE\plugins\org.eclipse.m2e.maven.runtime_3.8.604.20221130-2149\jars\guice-4.2.2-no_aop.jar
2025-06-22 21:12:47,648 [Worker-27: Launching Executing clean in C__Users_pavan_Downloads_demo_demo] INFO  o.eclipse.m2e.core.internal.Bundles - 	Entry: C:\Users\pavan\Downloads\sts-4.17.1.RELEASE\plugins\org.eclipse.m2e.maven.runtime_3.8.604.20221130-2149\jars\jansi-2.4.0.jar
2025-06-22 21:12:47,648 [Worker-27: Launching Executing clean in C__Users_pavan_Downloads_demo_demo] INFO  o.eclipse.m2e.core.internal.Bundles - 	Entry: C:\Users\pavan\Downloads\sts-4.17.1.RELEASE\plugins\org.eclipse.m2e.maven.runtime_3.8.604.20221130-2149\jars\maven-artifact-3.8.6.jar
2025-06-22 21:12:47,649 [Worker-27: Launching Executing clean in C__Users_pavan_Downloads_demo_demo] INFO  o.eclipse.m2e.core.internal.Bundles - 	Entry: C:\Users\pavan\Downloads\sts-4.17.1.RELEASE\plugins\org.eclipse.m2e.maven.runtime_3.8.604.20221130-2149\jars\maven-builder-support-3.8.6.jar
2025-06-22 21:12:47,649 [Worker-27: Launching Executing clean in C__Users_pavan_Downloads_demo_demo] INFO  o.eclipse.m2e.core.internal.Bundles - 	Entry: C:\Users\pavan\Downloads\sts-4.17.1.RELEASE\plugins\org.eclipse.m2e.maven.runtime_3.8.604.20221130-2149\jars\maven-compat-3.8.6.jar
2025-06-22 21:12:47,649 [Worker-27: Launching Executing clean in C__Users_pavan_Downloads_demo_demo] INFO  o.eclipse.m2e.core.internal.Bundles - 	Entry: C:\Users\pavan\Downloads\sts-4.17.1.RELEASE\plugins\org.eclipse.m2e.maven.runtime_3.8.604.20221130-2149\jars\maven-core-3.8.6.jar
2025-06-22 21:12:47,649 [Worker-27: Launching Executing clean in C__Users_pavan_Downloads_demo_demo] INFO  o.eclipse.m2e.core.internal.Bundles - 	Entry: C:\Users\pavan\Downloads\sts-4.17.1.RELEASE\plugins\org.eclipse.m2e.maven.runtime_3.8.604.20221130-2149\jars\maven-embedder-3.8.6.jar
2025-06-22 21:12:47,649 [Worker-27: Launching Executing clean in C__Users_pavan_Downloads_demo_demo] INFO  o.eclipse.m2e.core.internal.Bundles - 	Entry: C:\Users\pavan\Downloads\sts-4.17.1.RELEASE\plugins\org.eclipse.m2e.maven.runtime_3.8.604.20221130-2149\jars\maven-model-3.8.6.jar
2025-06-22 21:12:47,650 [Worker-27: Launching Executing clean in C__Users_pavan_Downloads_demo_demo] INFO  o.eclipse.m2e.core.internal.Bundles - 	Entry: C:\Users\pavan\Downloads\sts-4.17.1.RELEASE\plugins\org.eclipse.m2e.maven.runtime_3.8.604.20221130-2149\jars\maven-model-builder-3.8.6.jar
2025-06-22 21:12:47,650 [Worker-27: Launching Executing clean in C__Users_pavan_Downloads_demo_demo] INFO  o.eclipse.m2e.core.internal.Bundles - 	Entry: C:\Users\pavan\Downloads\sts-4.17.1.RELEASE\plugins\org.eclipse.m2e.maven.runtime_3.8.604.20221130-2149\jars\maven-plugin-api-3.8.6.jar
2025-06-22 21:12:47,650 [Worker-27: Launching Executing clean in C__Users_pavan_Downloads_demo_demo] INFO  o.eclipse.m2e.core.internal.Bundles - 	Entry: C:\Users\pavan\Downloads\sts-4.17.1.RELEASE\plugins\org.eclipse.m2e.maven.runtime_3.8.604.20221130-2149\jars\maven-repository-metadata-3.8.6.jar
2025-06-22 21:12:47,650 [Worker-27: Launching Executing clean in C__Users_pavan_Downloads_demo_demo] INFO  o.eclipse.m2e.core.internal.Bundles - 	Entry: C:\Users\pavan\Downloads\sts-4.17.1.RELEASE\plugins\org.eclipse.m2e.maven.runtime_3.8.604.20221130-2149\jars\maven-resolver-api-1.6.3.jar
2025-06-22 21:12:47,650 [Worker-27: Launching Executing clean in C__Users_pavan_Downloads_demo_demo] INFO  o.eclipse.m2e.core.internal.Bundles - 	Entry: C:\Users\pavan\Downloads\sts-4.17.1.RELEASE\plugins\org.eclipse.m2e.maven.runtime_3.8.604.20221130-2149\jars\maven-resolver-connector-basic-1.6.3.jar
2025-06-22 21:12:47,650 [Worker-27: Launching Executing clean in C__Users_pavan_Downloads_demo_demo] INFO  o.eclipse.m2e.core.internal.Bundles - 	Entry: C:\Users\pavan\Downloads\sts-4.17.1.RELEASE\plugins\org.eclipse.m2e.maven.runtime_3.8.604.20221130-2149\jars\maven-resolver-impl-1.6.3.jar
2025-06-22 21:12:47,651 [Worker-27: Launching Executing clean in C__Users_pavan_Downloads_demo_demo] INFO  o.eclipse.m2e.core.internal.Bundles - 	Entry: C:\Users\pavan\Downloads\sts-4.17.1.RELEASE\plugins\org.eclipse.m2e.maven.runtime_3.8.604.20221130-2149\jars\maven-resolver-provider-3.8.6.jar
2025-06-22 21:12:47,651 [Worker-27: Launching Executing clean in C__Users_pavan_Downloads_demo_demo] INFO  o.eclipse.m2e.core.internal.Bundles - 	Entry: C:\Users\pavan\Downloads\sts-4.17.1.RELEASE\plugins\org.eclipse.m2e.maven.runtime_3.8.604.20221130-2149\jars\maven-resolver-spi-1.6.3.jar
2025-06-22 21:12:47,651 [Worker-27: Launching Executing clean in C__Users_pavan_Downloads_demo_demo] INFO  o.eclipse.m2e.core.internal.Bundles - 	Entry: C:\Users\pavan\Downloads\sts-4.17.1.RELEASE\plugins\org.eclipse.m2e.maven.runtime_3.8.604.20221130-2149\jars\maven-resolver-transport-wagon-1.6.3.jar
2025-06-22 21:12:47,651 [Worker-27: Launching Executing clean in C__Users_pavan_Downloads_demo_demo] INFO  o.eclipse.m2e.core.internal.Bundles - 	Entry: C:\Users\pavan\Downloads\sts-4.17.1.RELEASE\plugins\org.eclipse.m2e.maven.runtime_3.8.604.20221130-2149\jars\maven-resolver-util-1.6.3.jar
2025-06-22 21:12:47,651 [Worker-27: Launching Executing clean in C__Users_pavan_Downloads_demo_demo] INFO  o.eclipse.m2e.core.internal.Bundles - 	Entry: C:\Users\pavan\Downloads\sts-4.17.1.RELEASE\plugins\org.eclipse.m2e.maven.runtime_3.8.604.20221130-2149\jars\maven-settings-3.8.6.jar
2025-06-22 21:12:47,651 [Worker-27: Launching Executing clean in C__Users_pavan_Downloads_demo_demo] INFO  o.eclipse.m2e.core.internal.Bundles - 	Entry: C:\Users\pavan\Downloads\sts-4.17.1.RELEASE\plugins\org.eclipse.m2e.maven.runtime_3.8.604.20221130-2149\jars\maven-settings-builder-3.8.6.jar
2025-06-22 21:12:47,652 [Worker-27: Launching Executing clean in C__Users_pavan_Downloads_demo_demo] INFO  o.eclipse.m2e.core.internal.Bundles - 	Entry: C:\Users\pavan\Downloads\sts-4.17.1.RELEASE\plugins\org.eclipse.m2e.maven.runtime_3.8.604.20221130-2149\jars\maven-shared-utils-3.3.4.jar
2025-06-22 21:12:47,652 [Worker-27: Launching Executing clean in C__Users_pavan_Downloads_demo_demo] INFO  o.eclipse.m2e.core.internal.Bundles - 	Entry: C:\Users\pavan\Downloads\sts-4.17.1.RELEASE\plugins\org.eclipse.m2e.maven.runtime_3.8.604.20221130-2149\jars\okhttp-3.14.1.jar
2025-06-22 21:12:47,652 [Worker-27: Launching Executing clean in C__Users_pavan_Downloads_demo_demo] INFO  o.eclipse.m2e.core.internal.Bundles - 	Entry: C:\Users\pavan\Downloads\sts-4.17.1.RELEASE\plugins\org.eclipse.m2e.maven.runtime_3.8.604.20221130-2149\jars\okio-1.17.3.jar
2025-06-22 21:12:47,652 [Worker-27: Launching Executing clean in C__Users_pavan_Downloads_demo_demo] INFO  o.eclipse.m2e.core.internal.Bundles - 	Entry: C:\Users\pavan\Downloads\sts-4.17.1.RELEASE\plugins\org.eclipse.m2e.maven.runtime_3.8.604.20221130-2149\jars\org.eclipse.sisu.inject-0.3.5.jar
2025-06-22 21:12:47,653 [Worker-27: Launching Executing clean in C__Users_pavan_Downloads_demo_demo] INFO  o.eclipse.m2e.core.internal.Bundles - 	Entry: C:\Users\pavan\Downloads\sts-4.17.1.RELEASE\plugins\org.eclipse.m2e.maven.runtime_3.8.604.20221130-2149\jars\org.eclipse.sisu.plexus-0.3.5.jar
2025-06-22 21:12:47,653 [Worker-27: Launching Executing clean in C__Users_pavan_Downloads_demo_demo] INFO  o.eclipse.m2e.core.internal.Bundles - 	Entry: C:\Users\pavan\Downloads\sts-4.17.1.RELEASE\plugins\org.eclipse.m2e.maven.runtime_3.8.604.20221130-2149\jars\plexus-build-api-0.0.7.jar
2025-06-22 21:12:47,653 [Worker-27: Launching Executing clean in C__Users_pavan_Downloads_demo_demo] INFO  o.eclipse.m2e.core.internal.Bundles - 	Entry: C:\Users\pavan\Downloads\sts-4.17.1.RELEASE\plugins\org.eclipse.m2e.maven.runtime_3.8.604.20221130-2149\jars\plexus-cipher-2.0.jar
2025-06-22 21:12:47,653 [Worker-27: Launching Executing clean in C__Users_pavan_Downloads_demo_demo] INFO  o.eclipse.m2e.core.internal.Bundles - 	Entry: C:\Users\pavan\Downloads\sts-4.17.1.RELEASE\plugins\org.eclipse.m2e.maven.runtime_3.8.604.20221130-2149\jars\plexus-classworlds-2.6.0.jar
2025-06-22 21:12:47,653 [Worker-27: Launching Executing clean in C__Users_pavan_Downloads_demo_demo] INFO  o.eclipse.m2e.core.internal.Bundles - 	Entry: C:\Users\pavan\Downloads\sts-4.17.1.RELEASE\plugins\org.eclipse.m2e.maven.runtime_3.8.604.20221130-2149\jars\plexus-component-annotations-2.1.0.jar
2025-06-22 21:12:47,654 [Worker-27: Launching Executing clean in C__Users_pavan_Downloads_demo_demo] INFO  o.eclipse.m2e.core.internal.Bundles - 	Entry: C:\Users\pavan\Downloads\sts-4.17.1.RELEASE\plugins\org.eclipse.m2e.maven.runtime_3.8.604.20221130-2149\jars\plexus-interpolation-1.26.jar
2025-06-22 21:12:47,654 [Worker-27: Launching Executing clean in C__Users_pavan_Downloads_demo_demo] INFO  o.eclipse.m2e.core.internal.Bundles - 	Entry: C:\Users\pavan\Downloads\sts-4.17.1.RELEASE\plugins\org.eclipse.m2e.maven.runtime_3.8.604.20221130-2149\jars\plexus-sec-dispatcher-2.0.jar
2025-06-22 21:12:47,654 [Worker-27: Launching Executing clean in C__Users_pavan_Downloads_demo_demo] INFO  o.eclipse.m2e.core.internal.Bundles - 	Entry: C:\Users\pavan\Downloads\sts-4.17.1.RELEASE\plugins\org.eclipse.m2e.maven.runtime_3.8.604.20221130-2149\jars\plexus-utils-3.3.1.jar
2025-06-22 21:12:47,654 [Worker-27: Launching Executing clean in C__Users_pavan_Downloads_demo_demo] INFO  o.eclipse.m2e.core.internal.Bundles - 	Entry: C:\Users\pavan\Downloads\sts-4.17.1.RELEASE\plugins\org.eclipse.m2e.maven.runtime_3.8.604.20221130-2149\jars\wagon-file-3.5.1.jar
2025-06-22 21:12:47,654 [Worker-27: Launching Executing clean in C__Users_pavan_Downloads_demo_demo] INFO  o.eclipse.m2e.core.internal.Bundles - 	Entry: C:\Users\pavan\Downloads\sts-4.17.1.RELEASE\plugins\org.eclipse.m2e.maven.runtime_3.8.604.20221130-2149\jars\wagon-provider-api-3.5.1.jar
2025-06-22 21:12:47,655 [Worker-27: Launching Executing clean in C__Users_pavan_Downloads_demo_demo] INFO  o.eclipse.m2e.core.internal.Bundles - getClasspathEntries(Bundle=com.google.guava_30.1.0.v20221112-0806 [22])
2025-06-22 21:12:47,657 [Worker-27: Launching Executing clean in C__Users_pavan_Downloads_demo_demo] INFO  o.eclipse.m2e.core.internal.Bundles - 	Entry: C:\Users\pavan\Downloads\sts-4.17.1.RELEASE\plugins\com.google.guava_30.1.0.v20221112-0806.jar
2025-06-22 21:12:47,657 [Worker-27: Launching Executing clean in C__Users_pavan_Downloads_demo_demo] INFO  o.eclipse.m2e.core.internal.Bundles - getClasspathEntries(Bundle=slf4j.api_1.7.36 [584])
2025-06-22 21:12:47,658 [Worker-27: Launching Executing clean in C__Users_pavan_Downloads_demo_demo] INFO  o.eclipse.m2e.core.internal.Bundles - 	Entry: C:\Users\pavan\Downloads\sts-4.17.1.RELEASE\plugins\slf4j.api_1.7.36.jar
2025-06-22 21:12:47,658 [Worker-27: Launching Executing clean in C__Users_pavan_Downloads_demo_demo] INFO  o.eclipse.m2e.core.internal.Bundles - getClasspathEntries(Bundle=javax.inject_1.0.0.v20220405-0441 [49])
2025-06-22 21:12:47,660 [Worker-27: Launching Executing clean in C__Users_pavan_Downloads_demo_demo] INFO  o.eclipse.m2e.core.internal.Bundles - 	Entry: C:\Users\pavan\Downloads\sts-4.17.1.RELEASE\plugins\javax.inject_1.0.0.v20220405-0441.jar
2025-06-22 21:12:47,660 [Worker-27: Launching Executing clean in C__Users_pavan_Downloads_demo_demo] INFO  o.eclipse.m2e.core.internal.Bundles - getClasspathEntries(Bundle=javax.annotation_1.3.5.v20221112-0806 [47])
2025-06-22 21:12:47,662 [Worker-27: Launching Executing clean in C__Users_pavan_Downloads_demo_demo] INFO  o.eclipse.m2e.core.internal.Bundles - 	Entry: C:\Users\pavan\Downloads\sts-4.17.1.RELEASE\plugins\javax.annotation_1.3.5.v20221112-0806.jar
2025-06-22 21:12:47,665 [Worker-27: Launching Executing clean in C__Users_pavan_Downloads_demo_demo] INFO  o.e.m.i.launch.MavenLaunchDelegate - Run build in "C:\Users\pavan\Downloads\demo\demo":
2025-06-22 21:12:47,666 [Worker-27: Launching Executing clean in C__Users_pavan_Downloads_demo_demo] INFO  o.e.m.i.launch.MavenLaunchDelegate -  mvn  -B -Dstyle.color=always clean
2025-06-22 21:14:04,838 [main] INFO  o.e.m2e.actions.ExecutePomAction - Creating new launch configuration
2025-06-22 21:14:30,652 [Worker-26: Updating Maven Project] INFO  o.e.m.c.i.p.ProjectConfigurationManager - Update started
2025-06-22 21:14:30,845 [Worker-26: Updating Maven Project] INFO  o.e.m.c.i.l.LifecycleMappingFactory - Using org.eclipse.m2e.jdt.JarLifecycleMapping lifecycle mapping for MavenProject: com.thetiebar:demo:0.0.1-SNAPSHOT @ C:\Users\pavan\Downloads\demo\demo\pom.xml.
2025-06-22 21:14:31,575 [Worker-26: Updating Maven Project] INFO  o.e.m.j.i.AbstractJavaProjectConfigurator - Adding source folder /demo_demo/src/main/java
2025-06-22 21:14:31,575 [Worker-26: Updating Maven Project] INFO  o.e.m.j.i.AbstractJavaProjectConfigurator - Adding resource folder /demo_demo/src/main/resources
2025-06-22 21:14:31,575 [Worker-26: Updating Maven Project] INFO  o.e.m.j.i.AbstractJavaProjectConfigurator - Adding resource folder /demo_demo/src/main/resources
2025-06-22 21:14:31,575 [Worker-26: Updating Maven Project] INFO  o.e.m.j.i.AbstractJavaProjectConfigurator - Adding source folder /demo_demo/src/test/java
2025-06-22 21:14:31,990 [Worker-26: Updating Maven Project] INFO  o.e.m.c.i.p.ProjectConfigurationManager - Update completed for 1 poms: local refresh takes 0.00 sec, refresh facades takes 0.00 sec, update config takes 0.00 sec 
2025-06-22 21:16:57,273 [Worker-23: Import Getting Started Content] INFO  o.e.m.c.i.l.LifecycleMappingFactory - Using org.eclipse.m2e.jdt.JarLifecycleMapping lifecycle mapping for MavenProject: com.thetiebar:01_Discovery_Server:0.0.1-SNAPSHOT @ C:\Pravin\TheTileBar\01_Discovery_Server\pom.xml.
2025-06-22 21:16:58,024 [Worker-23: Import Getting Started Content] INFO  o.e.m.j.i.AbstractJavaProjectConfigurator - Adding source folder /01_Discovery_Server/src/main/java
2025-06-22 21:16:58,026 [Worker-23: Import Getting Started Content] INFO  o.e.m.j.i.AbstractJavaProjectConfigurator - Adding resource folder /01_Discovery_Server/src/main/resources
2025-06-22 21:16:58,028 [Worker-23: Import Getting Started Content] INFO  o.e.m.j.i.AbstractJavaProjectConfigurator - Adding resource folder /01_Discovery_Server/src/main/resources
2025-06-22 21:16:58,031 [Worker-23: Import Getting Started Content] INFO  o.e.m.j.i.AbstractJavaProjectConfigurator - Adding source folder /01_Discovery_Server/src/test/java
2025-06-22 21:16:58,528 [Worker-23: Import Getting Started Content] INFO  o.e.m.c.i.p.ProjectConfigurationManager - Imported and configured 1 project(s) in 1 sec
2025-06-22 21:16:58,529 [Worker-23: Import Getting Started Content] INFO  o.e.m.c.i.p.ProjectConfigurationManager - Update started
2025-06-22 21:16:58,690 [Worker-23: Import Getting Started Content] INFO  o.e.m.c.i.l.LifecycleMappingFactory - Using org.eclipse.m2e.jdt.JarLifecycleMapping lifecycle mapping for MavenProject: com.thetiebar:01_Discovery_Server:0.0.1-SNAPSHOT @ C:\Pravin\TheTileBar\01_Discovery_Server\pom.xml.
2025-06-22 21:16:59,264 [Worker-23: Import Getting Started Content] INFO  o.e.m.j.i.AbstractJavaProjectConfigurator - Adding source folder /01_Discovery_Server/src/main/java
2025-06-22 21:16:59,265 [Worker-23: Import Getting Started Content] INFO  o.e.m.j.i.AbstractJavaProjectConfigurator - Adding resource folder /01_Discovery_Server/src/main/resources
2025-06-22 21:16:59,265 [Worker-23: Import Getting Started Content] INFO  o.e.m.j.i.AbstractJavaProjectConfigurator - Adding resource folder /01_Discovery_Server/src/main/resources
2025-06-22 21:16:59,265 [Worker-23: Import Getting Started Content] INFO  o.e.m.j.i.AbstractJavaProjectConfigurator - Adding source folder /01_Discovery_Server/src/test/java
2025-06-22 21:16:59,771 [Worker-23: Import Getting Started Content] INFO  o.e.m.c.i.p.ProjectConfigurationManager - Update completed for 1 poms: local refresh takes 0.00 sec, refresh facades takes 0.00 sec, update config takes 0.00 sec 
2025-06-22 21:17:52,584 [Worker-22: Updating Maven Project] INFO  o.e.m.c.i.p.ProjectConfigurationManager - Update started
2025-06-22 21:17:52,753 [Worker-22: Updating Maven Project] INFO  o.e.m.c.i.l.LifecycleMappingFactory - Using org.eclipse.m2e.jdt.JarLifecycleMapping lifecycle mapping for MavenProject: com.thetiebar:01_Discovery_Server:0.0.1-SNAPSHOT @ C:\Pravin\TheTileBar\01_Discovery_Server\pom.xml.
2025-06-22 21:17:53,320 [Worker-22: Updating Maven Project] INFO  o.e.m.j.i.AbstractJavaProjectConfigurator - Adding source folder /01_Discovery_Server/src/main/java
2025-06-22 21:17:53,320 [Worker-22: Updating Maven Project] INFO  o.e.m.j.i.AbstractJavaProjectConfigurator - Adding resource folder /01_Discovery_Server/src/main/resources
2025-06-22 21:17:53,320 [Worker-22: Updating Maven Project] INFO  o.e.m.j.i.AbstractJavaProjectConfigurator - Adding resource folder /01_Discovery_Server/src/main/resources
2025-06-22 21:17:53,320 [Worker-22: Updating Maven Project] INFO  o.e.m.j.i.AbstractJavaProjectConfigurator - Adding source folder /01_Discovery_Server/src/test/java
2025-06-22 21:17:53,749 [Worker-22: Updating Maven Project] INFO  o.e.m.c.i.p.ProjectConfigurationManager - Update completed for 1 poms: local refresh takes 0.00 sec, refresh facades takes 0.00 sec, update config takes 0.00 sec 
2025-06-23 13:55:12,819 [Worker-1: Loading available Gradle versions] INFO  o.e.b.c.i.u.g.PublishedGradleVersions - Gradle version information cache is up-to-date. Trying to read.
2025-06-23 13:55:33,806 [Worker-11: Updating Maven Project] INFO  o.e.m.c.i.p.ProjectConfigurationManager - Update started
2025-06-23 13:55:39,398 [Worker-11: Updating Maven Project] INFO  o.e.m.c.i.l.LifecycleMappingFactory - Using org.eclipse.m2e.jdt.JarLifecycleMapping lifecycle mapping for MavenProject: com.thetiebar:01_Discovery_Server:0.0.1-SNAPSHOT @ C:\Pravin\TheTileBar\01_Discovery_Server\pom.xml.
2025-06-23 13:55:45,676 [Worker-11: Updating Maven Project] INFO  o.e.m.j.i.AbstractJavaProjectConfigurator - Adding source folder /01_Discovery_Server/src/main/java
2025-06-23 13:55:45,677 [Worker-11: Updating Maven Project] INFO  o.e.m.j.i.AbstractJavaProjectConfigurator - Adding resource folder /01_Discovery_Server/src/main/resources
2025-06-23 13:55:45,677 [Worker-11: Updating Maven Project] INFO  o.e.m.j.i.AbstractJavaProjectConfigurator - Adding resource folder /01_Discovery_Server/src/main/resources
2025-06-23 13:55:45,678 [Worker-11: Updating Maven Project] INFO  o.e.m.j.i.AbstractJavaProjectConfigurator - Adding source folder /01_Discovery_Server/src/test/java
2025-06-23 13:55:46,426 [Worker-11: Updating Maven Project] INFO  o.e.m.c.i.p.ProjectConfigurationManager - Update completed for 1 poms: local refresh takes 0.00 sec, refresh facades takes 11.00 sec, update config takes 0.00 sec 
2025-06-23 14:08:36,019 [Worker-11: Updating Maven Project] INFO  o.e.m.c.i.p.ProjectConfigurationManager - Update started
2025-06-23 14:08:36,479 [Worker-11: Updating Maven Project] INFO  o.e.m.c.i.l.LifecycleMappingFactory - Using org.eclipse.m2e.jdt.JarLifecycleMapping lifecycle mapping for MavenProject: com.thetiebar:01_Discovery_Server:0.0.1-SNAPSHOT @ C:\Pravin\TheTileBar\01_Discovery_Server\pom.xml.
2025-06-23 14:08:37,945 [Worker-11: Updating Maven Project] INFO  o.e.m.j.i.AbstractJavaProjectConfigurator - Adding source folder /01_Discovery_Server/src/main/java
2025-06-23 14:08:37,945 [Worker-11: Updating Maven Project] INFO  o.e.m.j.i.AbstractJavaProjectConfigurator - Adding resource folder /01_Discovery_Server/src/main/resources
2025-06-23 14:08:37,946 [Worker-11: Updating Maven Project] INFO  o.e.m.j.i.AbstractJavaProjectConfigurator - Adding resource folder /01_Discovery_Server/src/main/resources
2025-06-23 14:08:37,946 [Worker-11: Updating Maven Project] INFO  o.e.m.j.i.AbstractJavaProjectConfigurator - Adding source folder /01_Discovery_Server/src/test/java
2025-06-23 14:08:38,791 [Worker-11: Updating Maven Project] INFO  o.e.m.c.i.p.ProjectConfigurationManager - Update completed for 1 poms: local refresh takes 0.00 sec, refresh facades takes 1.00 sec, update config takes 0.00 sec 
2025-06-23 14:17:42,911 [Worker-4: Loading available Gradle versions] INFO  o.e.b.c.i.u.g.PublishedGradleVersions - Gradle version information cache is up-to-date. Trying to read.
2025-06-23 14:18:34,348 [Worker-10: Import Getting Started Content] INFO  o.e.m.c.i.l.LifecycleMappingFactory - Using org.eclipse.m2e.jdt.JarLifecycleMapping lifecycle mapping for MavenProject: com.thetiebar:01_Discovery_Server:0.0.1-SNAPSHOT @ C:\Pravin\TheTileBar\01_Discovery_Server\pom.xml.
2025-06-23 14:18:36,116 [Worker-10: Import Getting Started Content] INFO  o.e.m.j.i.AbstractJavaProjectConfigurator - Adding source folder /01_Discovery_Server/src/main/java
2025-06-23 14:18:36,116 [Worker-10: Import Getting Started Content] INFO  o.e.m.j.i.AbstractJavaProjectConfigurator - Adding resource folder /01_Discovery_Server/src/main/resources
2025-06-23 14:18:36,131 [Worker-10: Import Getting Started Content] INFO  o.e.m.j.i.AbstractJavaProjectConfigurator - Adding resource folder /01_Discovery_Server/src/main/resources
2025-06-23 14:18:36,144 [Worker-10: Import Getting Started Content] INFO  o.e.m.j.i.AbstractJavaProjectConfigurator - Adding source folder /01_Discovery_Server/src/test/java
2025-06-23 14:18:37,183 [Worker-10: Import Getting Started Content] INFO  o.e.m.c.i.p.ProjectConfigurationManager - Imported and configured 1 project(s) in 4 sec
2025-06-23 14:18:37,189 [Worker-10: Import Getting Started Content] INFO  o.e.m.c.i.p.ProjectConfigurationManager - Update started
2025-06-23 14:18:37,620 [Worker-10: Import Getting Started Content] INFO  o.e.m.c.i.l.LifecycleMappingFactory - Using org.eclipse.m2e.jdt.JarLifecycleMapping lifecycle mapping for MavenProject: com.thetiebar:01_Discovery_Server:0.0.1-SNAPSHOT @ C:\Pravin\TheTileBar\01_Discovery_Server\pom.xml.
2025-06-23 14:18:38,939 [Worker-10: Import Getting Started Content] INFO  o.e.m.j.i.AbstractJavaProjectConfigurator - Adding source folder /01_Discovery_Server/src/main/java
2025-06-23 14:18:38,940 [Worker-10: Import Getting Started Content] INFO  o.e.m.j.i.AbstractJavaProjectConfigurator - Adding resource folder /01_Discovery_Server/src/main/resources
2025-06-23 14:18:38,941 [Worker-10: Import Getting Started Content] INFO  o.e.m.j.i.AbstractJavaProjectConfigurator - Adding resource folder /01_Discovery_Server/src/main/resources
2025-06-23 14:18:38,942 [Worker-10: Import Getting Started Content] INFO  o.e.m.j.i.AbstractJavaProjectConfigurator - Adding source folder /01_Discovery_Server/src/test/java
2025-06-23 14:18:39,938 [Worker-10: Import Getting Started Content] INFO  o.e.m.c.i.p.ProjectConfigurationManager - Update completed for 1 poms: local refresh takes 0.00 sec, refresh facades takes 1.00 sec, update config takes 0.00 sec 
2025-06-23 14:20:47,576 [Worker-9: Updating Maven Project] INFO  o.e.m.c.i.p.ProjectConfigurationManager - Update started
2025-06-23 14:20:47,956 [Worker-9: Updating Maven Project] INFO  o.e.m.c.i.l.LifecycleMappingFactory - Using org.eclipse.m2e.jdt.JarLifecycleMapping lifecycle mapping for MavenProject: com.thetiebar:01_Discovery_Server:0.0.1-SNAPSHOT @ C:\Pravin\TheTileBar\01_Discovery_Server\pom.xml.
2025-06-23 14:20:48,896 [Worker-9: Updating Maven Project] INFO  o.e.m.j.i.AbstractJavaProjectConfigurator - Adding source folder /01_Discovery_Server/src/main/java
2025-06-23 14:20:48,898 [Worker-9: Updating Maven Project] INFO  o.e.m.j.i.AbstractJavaProjectConfigurator - Adding resource folder /01_Discovery_Server/src/main/resources
2025-06-23 14:20:48,898 [Worker-9: Updating Maven Project] INFO  o.e.m.j.i.AbstractJavaProjectConfigurator - Adding resource folder /01_Discovery_Server/src/main/resources
2025-06-23 14:20:48,899 [Worker-9: Updating Maven Project] INFO  o.e.m.j.i.AbstractJavaProjectConfigurator - Adding source folder /01_Discovery_Server/src/test/java
2025-06-23 14:20:49,498 [Worker-9: Updating Maven Project] INFO  o.e.m.c.i.p.ProjectConfigurationManager - Update completed for 1 poms: local refresh takes 0.00 sec, refresh facades takes 1.00 sec, update config takes 0.00 sec 
2025-06-23 14:38:28,319 [Worker-17: Updating Maven Project] INFO  o.e.m.c.i.p.ProjectConfigurationManager - Update started
2025-06-23 14:38:28,573 [Worker-17: Updating Maven Project] INFO  o.e.m.c.i.l.LifecycleMappingFactory - Using org.eclipse.m2e.jdt.JarLifecycleMapping lifecycle mapping for MavenProject: com.thetiebar:01_Discovery_Server:0.0.1-SNAPSHOT @ C:\Pravin\TheTileBar\01_Discovery_Server\pom.xml.
2025-06-23 14:38:29,341 [Worker-17: Updating Maven Project] INFO  o.e.m.j.i.AbstractJavaProjectConfigurator - Adding source folder /01_Discovery_Server/src/main/java
2025-06-23 14:38:29,342 [Worker-17: Updating Maven Project] INFO  o.e.m.j.i.AbstractJavaProjectConfigurator - Adding resource folder /01_Discovery_Server/src/main/resources
2025-06-23 14:38:29,342 [Worker-17: Updating Maven Project] INFO  o.e.m.j.i.AbstractJavaProjectConfigurator - Adding resource folder /01_Discovery_Server/src/main/resources
2025-06-23 14:38:29,342 [Worker-17: Updating Maven Project] INFO  o.e.m.j.i.AbstractJavaProjectConfigurator - Adding source folder /01_Discovery_Server/src/test/java
2025-06-23 14:38:29,878 [Worker-17: Updating Maven Project] INFO  o.e.m.c.i.p.ProjectConfigurationManager - Update completed for 1 poms: local refresh takes 0.00 sec, refresh facades takes 0.00 sec, update config takes 0.00 sec 
2025-06-23 16:28:14,962 [Worker-30: Import Getting Started Content] INFO  o.e.m.c.i.l.LifecycleMappingFactory - Using org.eclipse.m2e.jdt.JarLifecycleMapping lifecycle mapping for MavenProject: com.thetiebar:05-Product_Service:0.0.1-SNAPSHOT @ C:\Pravin\TheTileBar\05-Product_Service\pom.xml.
2025-06-23 16:28:15,384 [Worker-30: Import Getting Started Content] INFO  o.e.m.c.i.e.AbstractTransferListenerAdapter - Downloading https://repo.maven.apache.org/maven2/org/springframework/boot/spring-boot-starter-data-jpa/3.5.3/spring-boot-starter-data-jpa-3.5.3.pom
2025-06-23 16:28:15,422 [Worker-30: Import Getting Started Content] INFO  o.e.m.c.i.e.AbstractTransferListenerAdapter - Downloaded https://repo.maven.apache.org/maven2/org/springframework/boot/spring-boot-starter-data-jpa/3.5.3/spring-boot-starter-data-jpa-3.5.3.pom
2025-06-23 16:28:15,812 [Worker-30: Import Getting Started Content] INFO  o.e.m.c.i.e.AbstractTransferListenerAdapter - Downloading https://repo.maven.apache.org/maven2/org/springframework/boot/spring-boot-starter-jdbc/3.5.3/spring-boot-starter-jdbc-3.5.3.pom
2025-06-23 16:28:15,864 [Worker-30: Import Getting Started Content] INFO  o.e.m.c.i.e.AbstractTransferListenerAdapter - Downloaded https://repo.maven.apache.org/maven2/org/springframework/boot/spring-boot-starter-jdbc/3.5.3/spring-boot-starter-jdbc-3.5.3.pom
2025-06-23 16:28:15,881 [Worker-30: Import Getting Started Content] INFO  o.e.m.c.i.e.AbstractTransferListenerAdapter - Downloading https://repo.maven.apache.org/maven2/com/zaxxer/HikariCP/6.3.0/HikariCP-6.3.0.pom
2025-06-23 16:28:15,933 [Worker-30: Import Getting Started Content] INFO  o.e.m.c.i.e.AbstractTransferListenerAdapter - Downloaded https://repo.maven.apache.org/maven2/com/zaxxer/HikariCP/6.3.0/HikariCP-6.3.0.pom
2025-06-23 16:28:15,950 [Worker-30: Import Getting Started Content] INFO  o.e.m.c.i.e.AbstractTransferListenerAdapter - Downloading https://repo.maven.apache.org/maven2/org/springframework/spring-jdbc/6.2.8/spring-jdbc-6.2.8.pom
2025-06-23 16:28:15,992 [Worker-30: Import Getting Started Content] INFO  o.e.m.c.i.e.AbstractTransferListenerAdapter - Downloaded https://repo.maven.apache.org/maven2/org/springframework/spring-jdbc/6.2.8/spring-jdbc-6.2.8.pom
2025-06-23 16:28:16,006 [Worker-30: Import Getting Started Content] INFO  o.e.m.c.i.e.AbstractTransferListenerAdapter - Downloading https://repo.maven.apache.org/maven2/org/springframework/spring-tx/6.2.8/spring-tx-6.2.8.pom
2025-06-23 16:28:16,042 [Worker-30: Import Getting Started Content] INFO  o.e.m.c.i.e.AbstractTransferListenerAdapter - Downloaded https://repo.maven.apache.org/maven2/org/springframework/spring-tx/6.2.8/spring-tx-6.2.8.pom
2025-06-23 16:28:16,056 [Worker-30: Import Getting Started Content] INFO  o.e.m.c.i.e.AbstractTransferListenerAdapter - Downloading https://repo.maven.apache.org/maven2/org/hibernate/orm/hibernate-core/6.6.18.Final/hibernate-core-6.6.18.Final.pom
2025-06-23 16:28:16,090 [Worker-30: Import Getting Started Content] INFO  o.e.m.c.i.e.AbstractTransferListenerAdapter - Downloaded https://repo.maven.apache.org/maven2/org/hibernate/orm/hibernate-core/6.6.18.Final/hibernate-core-6.6.18.Final.pom
2025-06-23 16:28:16,550 [Worker-30: Import Getting Started Content] INFO  o.e.m.c.i.e.AbstractTransferListenerAdapter - Downloading https://repo.maven.apache.org/maven2/org/springframework/data/spring-data-jpa/3.5.1/spring-data-jpa-3.5.1.pom
2025-06-23 16:28:16,587 [Worker-30: Import Getting Started Content] INFO  o.e.m.c.i.e.AbstractTransferListenerAdapter - Downloaded https://repo.maven.apache.org/maven2/org/springframework/data/spring-data-jpa/3.5.1/spring-data-jpa-3.5.1.pom
2025-06-23 16:28:16,601 [Worker-30: Import Getting Started Content] INFO  o.e.m.c.i.e.AbstractTransferListenerAdapter - Downloading https://repo.maven.apache.org/maven2/org/springframework/data/spring-data-jpa-parent/3.5.1/spring-data-jpa-parent-3.5.1.pom
2025-06-23 16:28:16,636 [Worker-30: Import Getting Started Content] INFO  o.e.m.c.i.e.AbstractTransferListenerAdapter - Downloaded https://repo.maven.apache.org/maven2/org/springframework/data/spring-data-jpa-parent/3.5.1/spring-data-jpa-parent-3.5.1.pom
2025-06-23 16:28:16,650 [Worker-30: Import Getting Started Content] INFO  o.e.m.c.i.e.AbstractTransferListenerAdapter - Downloading https://repo.maven.apache.org/maven2/org/springframework/data/build/spring-data-parent/3.5.1/spring-data-parent-3.5.1.pom
2025-06-23 16:28:16,689 [Worker-30: Import Getting Started Content] INFO  o.e.m.c.i.e.AbstractTransferListenerAdapter - Downloaded https://repo.maven.apache.org/maven2/org/springframework/data/build/spring-data-parent/3.5.1/spring-data-parent-3.5.1.pom
2025-06-23 16:28:16,702 [Worker-30: Import Getting Started Content] INFO  o.e.m.c.i.e.AbstractTransferListenerAdapter - Downloading https://repo.maven.apache.org/maven2/org/springframework/data/build/spring-data-build/3.5.1/spring-data-build-3.5.1.pom
2025-06-23 16:28:16,733 [Worker-30: Import Getting Started Content] INFO  o.e.m.c.i.e.AbstractTransferListenerAdapter - Downloaded https://repo.maven.apache.org/maven2/org/springframework/data/build/spring-data-build/3.5.1/spring-data-build-3.5.1.pom
2025-06-23 16:28:16,807 [Worker-30: Import Getting Started Content] INFO  o.e.m.c.i.e.AbstractTransferListenerAdapter - Downloading https://repo.maven.apache.org/maven2/org/springframework/data/spring-data-commons/3.5.1/spring-data-commons-3.5.1.pom
2025-06-23 16:28:16,852 [Worker-30: Import Getting Started Content] INFO  o.e.m.c.i.e.AbstractTransferListenerAdapter - Downloaded https://repo.maven.apache.org/maven2/org/springframework/data/spring-data-commons/3.5.1/spring-data-commons-3.5.1.pom
2025-06-23 16:28:16,867 [Worker-30: Import Getting Started Content] INFO  o.e.m.c.i.e.AbstractTransferListenerAdapter - Downloading https://repo.maven.apache.org/maven2/org/springframework/spring-orm/6.2.8/spring-orm-6.2.8.pom
2025-06-23 16:28:16,898 [Worker-30: Import Getting Started Content] INFO  o.e.m.c.i.e.AbstractTransferListenerAdapter - Downloaded https://repo.maven.apache.org/maven2/org/springframework/spring-orm/6.2.8/spring-orm-6.2.8.pom
2025-06-23 16:28:16,911 [Worker-30: Import Getting Started Content] INFO  o.e.m.c.i.e.AbstractTransferListenerAdapter - Downloading https://repo.maven.apache.org/maven2/org/springframework/spring-aspects/6.2.8/spring-aspects-6.2.8.pom
2025-06-23 16:28:16,943 [Worker-30: Import Getting Started Content] INFO  o.e.m.c.i.e.AbstractTransferListenerAdapter - Downloaded https://repo.maven.apache.org/maven2/org/springframework/spring-aspects/6.2.8/spring-aspects-6.2.8.pom
2025-06-23 16:28:17,137 [Worker-30: Import Getting Started Content] INFO  o.e.m.c.i.e.AbstractTransferListenerAdapter - Downloading https://repo.maven.apache.org/maven2/com/oracle/database/jdbc/ojdbc11/23.7.0.25.01/ojdbc11-23.7.0.25.01.pom
2025-06-23 16:28:17,173 [Worker-30: Import Getting Started Content] INFO  o.e.m.c.i.e.AbstractTransferListenerAdapter - Downloaded https://repo.maven.apache.org/maven2/com/oracle/database/jdbc/ojdbc11/23.7.0.25.01/ojdbc11-23.7.0.25.01.pom
2025-06-23 16:28:17,477 [AetherRepositoryConnector-repo.maven.apache.org-0-1] INFO  o.e.m.c.i.e.AbstractTransferListenerAdapter - Downloading https://repo.maven.apache.org/maven2/org/springframework/boot/spring-boot-starter-jdbc/3.5.3/spring-boot-starter-jdbc-3.5.3.jar
2025-06-23 16:28:17,486 [AetherRepositoryConnector-repo.maven.apache.org-0-3] INFO  o.e.m.c.i.e.AbstractTransferListenerAdapter - Downloading https://repo.maven.apache.org/maven2/org/springframework/spring-jdbc/6.2.8/spring-jdbc-6.2.8.jar
2025-06-23 16:28:17,486 [AetherRepositoryConnector-repo.maven.apache.org-0-0] INFO  o.e.m.c.i.e.AbstractTransferListenerAdapter - Downloading https://repo.maven.apache.org/maven2/org/springframework/boot/spring-boot-starter-data-jpa/3.5.3/spring-boot-starter-data-jpa-3.5.3.jar
2025-06-23 16:28:17,493 [AetherRepositoryConnector-repo.maven.apache.org-0-2] INFO  o.e.m.c.i.e.AbstractTransferListenerAdapter - Downloading https://repo.maven.apache.org/maven2/com/zaxxer/HikariCP/6.3.0/HikariCP-6.3.0.jar
2025-06-23 16:28:17,493 [AetherRepositoryConnector-repo.maven.apache.org-0-4] INFO  o.e.m.c.i.e.AbstractTransferListenerAdapter - Downloading https://repo.maven.apache.org/maven2/org/hibernate/orm/hibernate-core/6.6.18.Final/hibernate-core-6.6.18.Final.jar
2025-06-23 16:28:17,561 [AetherRepositoryConnector-repo.maven.apache.org-0-1] INFO  o.e.m.c.i.e.AbstractTransferListenerAdapter - Downloaded https://repo.maven.apache.org/maven2/org/springframework/boot/spring-boot-starter-jdbc/3.5.3/spring-boot-starter-jdbc-3.5.3.jar
2025-06-23 16:28:17,575 [AetherRepositoryConnector-repo.maven.apache.org-0-2] INFO  o.e.m.c.i.e.AbstractTransferListenerAdapter - Downloaded https://repo.maven.apache.org/maven2/com/zaxxer/HikariCP/6.3.0/HikariCP-6.3.0.jar
2025-06-23 16:28:17,576 [AetherRepositoryConnector-repo.maven.apache.org-0-0] INFO  o.e.m.c.i.e.AbstractTransferListenerAdapter - Downloaded https://repo.maven.apache.org/maven2/org/springframework/boot/spring-boot-starter-data-jpa/3.5.3/spring-boot-starter-data-jpa-3.5.3.jar
2025-06-23 16:28:17,593 [AetherRepositoryConnector-repo.maven.apache.org-0-1] INFO  o.e.m.c.i.e.AbstractTransferListenerAdapter - Downloading https://repo.maven.apache.org/maven2/org/springframework/data/spring-data-jpa/3.5.1/spring-data-jpa-3.5.1.jar
2025-06-23 16:28:17,614 [AetherRepositoryConnector-repo.maven.apache.org-0-3] INFO  o.e.m.c.i.e.AbstractTransferListenerAdapter - Downloaded https://repo.maven.apache.org/maven2/org/springframework/spring-jdbc/6.2.8/spring-jdbc-6.2.8.jar
2025-06-23 16:28:17,616 [AetherRepositoryConnector-repo.maven.apache.org-0-2] INFO  o.e.m.c.i.e.AbstractTransferListenerAdapter - Downloading https://repo.maven.apache.org/maven2/org/springframework/spring-orm/6.2.8/spring-orm-6.2.8.jar
2025-06-23 16:28:17,616 [AetherRepositoryConnector-repo.maven.apache.org-0-0] INFO  o.e.m.c.i.e.AbstractTransferListenerAdapter - Downloading https://repo.maven.apache.org/maven2/org/springframework/data/spring-data-commons/3.5.1/spring-data-commons-3.5.1.jar
2025-06-23 16:28:17,662 [AetherRepositoryConnector-repo.maven.apache.org-0-3] INFO  o.e.m.c.i.e.AbstractTransferListenerAdapter - Downloading https://repo.maven.apache.org/maven2/org/springframework/spring-tx/6.2.8/spring-tx-6.2.8.jar
2025-06-23 16:28:18,063 [AetherRepositoryConnector-repo.maven.apache.org-0-2] INFO  o.e.m.c.i.e.AbstractTransferListenerAdapter - Downloaded https://repo.maven.apache.org/maven2/org/springframework/spring-orm/6.2.8/spring-orm-6.2.8.jar
2025-06-23 16:28:18,278 [AetherRepositoryConnector-repo.maven.apache.org-0-3] INFO  o.e.m.c.i.e.AbstractTransferListenerAdapter - Downloaded https://repo.maven.apache.org/maven2/org/springframework/spring-tx/6.2.8/spring-tx-6.2.8.jar
2025-06-23 16:28:18,293 [AetherRepositoryConnector-repo.maven.apache.org-0-2] INFO  o.e.m.c.i.e.AbstractTransferListenerAdapter - Downloading https://repo.maven.apache.org/maven2/org/springframework/spring-aspects/6.2.8/spring-aspects-6.2.8.jar
2025-06-23 16:28:18,518 [AetherRepositoryConnector-repo.maven.apache.org-0-3] INFO  o.e.m.c.i.e.AbstractTransferListenerAdapter - Downloading https://repo.maven.apache.org/maven2/com/oracle/database/jdbc/ojdbc11/23.7.0.25.01/ojdbc11-23.7.0.25.01.jar
2025-06-23 16:28:18,757 [AetherRepositoryConnector-repo.maven.apache.org-0-2] INFO  o.e.m.c.i.e.AbstractTransferListenerAdapter - Downloaded https://repo.maven.apache.org/maven2/org/springframework/spring-aspects/6.2.8/spring-aspects-6.2.8.jar
2025-06-23 16:28:19,052 [AetherRepositoryConnector-repo.maven.apache.org-0-1] INFO  o.e.m.c.i.e.AbstractTransferListenerAdapter - Downloaded https://repo.maven.apache.org/maven2/org/springframework/data/spring-data-jpa/3.5.1/spring-data-jpa-3.5.1.jar
2025-06-23 16:28:19,052 [AetherRepositoryConnector-repo.maven.apache.org-0-0] INFO  o.e.m.c.i.e.AbstractTransferListenerAdapter - Downloaded https://repo.maven.apache.org/maven2/org/springframework/data/spring-data-commons/3.5.1/spring-data-commons-3.5.1.jar
2025-06-23 16:28:21,783 [AetherRepositoryConnector-repo.maven.apache.org-0-3] INFO  o.e.m.c.i.e.AbstractTransferListenerAdapter - Downloaded https://repo.maven.apache.org/maven2/com/oracle/database/jdbc/ojdbc11/23.7.0.25.01/ojdbc11-23.7.0.25.01.jar
2025-06-23 16:28:22,014 [AetherRepositoryConnector-repo.maven.apache.org-0-4] INFO  o.e.m.c.i.e.AbstractTransferListenerAdapter - Downloaded https://repo.maven.apache.org/maven2/org/hibernate/orm/hibernate-core/6.6.18.Final/hibernate-core-6.6.18.Final.jar
2025-06-23 16:28:22,588 [Worker-30: Import Getting Started Content] INFO  o.e.m.j.i.AbstractJavaProjectConfigurator - Adding source folder /05-Product_Service/src/main/java
2025-06-23 16:28:22,588 [Worker-30: Import Getting Started Content] INFO  o.e.m.j.i.AbstractJavaProjectConfigurator - Adding resource folder /05-Product_Service/src/main/resources
2025-06-23 16:28:22,596 [Worker-30: Import Getting Started Content] INFO  o.e.m.j.i.AbstractJavaProjectConfigurator - Adding resource folder /05-Product_Service/src/main/resources
2025-06-23 16:28:22,600 [Worker-30: Import Getting Started Content] INFO  o.e.m.j.i.AbstractJavaProjectConfigurator - Adding source folder /05-Product_Service/src/test/java
2025-06-23 16:28:23,341 [Worker-32: Download sources and javadoc] INFO  o.e.m.c.i.e.AbstractTransferListenerAdapter - Downloading https://repo.maven.apache.org/maven2/org/springframework/boot/spring-boot-starter-data-jpa/3.5.3/spring-boot-starter-data-jpa-3.5.3-sources.jar
2025-06-23 16:28:23,369 [Worker-32: Download sources and javadoc] INFO  o.e.m.c.i.e.AbstractTransferListenerAdapter - Downloaded https://repo.maven.apache.org/maven2/org/springframework/boot/spring-boot-starter-data-jpa/3.5.3/spring-boot-starter-data-jpa-3.5.3-sources.jar
2025-06-23 16:28:23,372 [Worker-32: Download sources and javadoc] INFO  o.e.m.j.internal.DownloadSourcesJob - Downloaded sources for org.springframework.boot:spring-boot-starter-data-jpa:3.5.3
2025-06-23 16:28:23,428 [Worker-32: Download sources and javadoc] INFO  o.e.m.c.i.e.AbstractTransferListenerAdapter - Downloading https://repo.maven.apache.org/maven2/org/springframework/boot/spring-boot-starter-jdbc/3.5.3/spring-boot-starter-jdbc-3.5.3-sources.jar
2025-06-23 16:28:23,474 [Worker-32: Download sources and javadoc] INFO  o.e.m.c.i.e.AbstractTransferListenerAdapter - Downloaded https://repo.maven.apache.org/maven2/org/springframework/boot/spring-boot-starter-jdbc/3.5.3/spring-boot-starter-jdbc-3.5.3-sources.jar
2025-06-23 16:28:23,477 [Worker-32: Download sources and javadoc] INFO  o.e.m.j.internal.DownloadSourcesJob - Downloaded sources for org.springframework.boot:spring-boot-starter-jdbc:3.5.3
2025-06-23 16:28:23,533 [Worker-32: Download sources and javadoc] INFO  o.e.m.c.i.e.AbstractTransferListenerAdapter - Downloading https://repo.maven.apache.org/maven2/com/zaxxer/HikariCP/6.3.0/HikariCP-6.3.0-sources.jar
2025-06-23 16:28:23,606 [Worker-32: Download sources and javadoc] INFO  o.e.m.c.i.e.AbstractTransferListenerAdapter - Downloaded https://repo.maven.apache.org/maven2/com/zaxxer/HikariCP/6.3.0/HikariCP-6.3.0-sources.jar
2025-06-23 16:28:23,609 [Worker-32: Download sources and javadoc] INFO  o.e.m.j.internal.DownloadSourcesJob - Downloaded sources for com.zaxxer:HikariCP:6.3.0
2025-06-23 16:28:23,668 [Worker-32: Download sources and javadoc] INFO  o.e.m.c.i.e.AbstractTransferListenerAdapter - Downloading https://repo.maven.apache.org/maven2/org/springframework/spring-jdbc/6.2.8/spring-jdbc-6.2.8-sources.jar
2025-06-23 16:28:23,765 [Worker-32: Download sources and javadoc] INFO  o.e.m.c.i.e.AbstractTransferListenerAdapter - Downloaded https://repo.maven.apache.org/maven2/org/springframework/spring-jdbc/6.2.8/spring-jdbc-6.2.8-sources.jar
2025-06-23 16:28:23,768 [Worker-32: Download sources and javadoc] INFO  o.e.m.j.internal.DownloadSourcesJob - Downloaded sources for org.springframework:spring-jdbc:6.2.8
2025-06-23 16:28:23,822 [Worker-32: Download sources and javadoc] INFO  o.e.m.c.i.e.AbstractTransferListenerAdapter - Downloading https://repo.maven.apache.org/maven2/org/hibernate/orm/hibernate-core/6.6.18.Final/hibernate-core-6.6.18.Final-sources.jar
2025-06-23 16:28:25,212 [Worker-32: Download sources and javadoc] INFO  o.e.m.c.i.e.AbstractTransferListenerAdapter - Downloaded https://repo.maven.apache.org/maven2/org/hibernate/orm/hibernate-core/6.6.18.Final/hibernate-core-6.6.18.Final-sources.jar
2025-06-23 16:28:25,216 [Worker-32: Download sources and javadoc] INFO  o.e.m.j.internal.DownloadSourcesJob - Downloaded sources for org.hibernate.orm:hibernate-core:6.6.18.Final
2025-06-23 16:28:25,276 [Worker-32: Download sources and javadoc] INFO  o.e.m.c.i.e.AbstractTransferListenerAdapter - Downloading https://repo.maven.apache.org/maven2/org/springframework/data/spring-data-jpa/3.5.1/spring-data-jpa-3.5.1-sources.jar
2025-06-23 16:28:25,313 [Worker-30: Import Getting Started Content] WARN  o.e.m.c.i.embedder.EclipseLogger - The POM for org.projectlombok:lombok:jar: is missing, no dependency information available
2025-06-23 16:28:25,341 [Worker-30: Import Getting Started Content] ERROR o.e.m.a.i.u.PluginDependencyResolver - Unable to collect dependencies for plugin
org.eclipse.aether.resolution.DependencyResolutionException: org.projectlombok:lombok:jar: was not found in https://repo.maven.apache.org/maven2 during a previous attempt. This failure was cached in the local repository and resolution is not reattempted until the update interval of central has elapsed or updates are forced
	at org.eclipse.aether.internal.impl.DefaultRepositorySystem.resolveDependencies(DefaultRepositorySystem.java:357)
	at org.eclipse.m2e.apt.internal.utils.PluginDependencyResolver.getResolvedPluginDependencies(PluginDependencyResolver.java:106)
	at org.eclipse.m2e.apt.internal.compiler.MavenCompilerJdtAptDelegate.getAnnotationProcessorConfiguration(MavenCompilerJdtAptDelegate.java:172)
	at org.eclipse.m2e.apt.internal.AbstractAptConfiguratorDelegate.configureClasspath(AbstractAptConfiguratorDelegate.java:255)
	at org.eclipse.m2e.apt.internal.AbstractAptProjectConfigurator.lambda$1(AbstractAptProjectConfigurator.java:156)
	at org.eclipse.m2e.core.internal.embedder.MavenExecutionContext.executeBare(MavenExecutionContext.java:364)
	at org.eclipse.m2e.core.internal.embedder.MavenExecutionContext.execute(MavenExecutionContext.java:274)
	at org.eclipse.m2e.core.internal.embedder.MavenExecutionContext.execute(MavenExecutionContext.java:213)
	at org.eclipse.m2e.apt.internal.AbstractAptProjectConfigurator.configureRawClasspath(AbstractAptProjectConfigurator.java:150)
	at org.eclipse.m2e.jdt.internal.AbstractJavaProjectConfigurator.invokeJavaProjectConfigurators(AbstractJavaProjectConfigurator.java:227)
	at org.eclipse.m2e.jdt.internal.AbstractJavaProjectConfigurator.configure(AbstractJavaProjectConfigurator.java:186)
	at org.eclipse.m2e.core.project.configurator.AbstractLifecycleMapping.configure(AbstractLifecycleMapping.java:123)
	at org.eclipse.m2e.core.internal.project.ProjectConfigurationManager.lambda$6(ProjectConfigurationManager.java:494)
	at org.eclipse.m2e.core.internal.embedder.MavenExecutionContext.executeBare(MavenExecutionContext.java:364)
	at org.eclipse.m2e.core.internal.embedder.MavenExecutionContext.execute(MavenExecutionContext.java:274)
	at org.eclipse.m2e.core.internal.project.ProjectConfigurationManager.updateProjectConfiguration(ProjectConfigurationManager.java:488)
	at org.eclipse.m2e.core.internal.project.ProjectConfigurationManager.configureNewMavenProjects(ProjectConfigurationManager.java:279)
	at org.eclipse.m2e.core.internal.project.ProjectConfigurationManager.lambda$1(ProjectConfigurationManager.java:166)
	at org.eclipse.m2e.core.internal.embedder.MavenExecutionContext.executeBare(MavenExecutionContext.java:364)
	at org.eclipse.m2e.core.internal.embedder.MavenExecutionContext.execute(MavenExecutionContext.java:274)
	at org.eclipse.m2e.core.internal.embedder.MavenExecutionContext.execute(MavenExecutionContext.java:213)
	at org.eclipse.m2e.core.internal.project.ProjectConfigurationManager.importProjects(ProjectConfigurationManager.java:139)
	at org.eclipse.m2e.core.internal.project.ProjectConfigurationManager.importProjects(ProjectConfigurationManager.java:130)
	at org.springframework.ide.eclipse.boot.wizard.importing.MavenStrategy.createEclipseProjectFromExistingMavenProject(MavenStrategy.java:134)
	at org.springframework.ide.eclipse.boot.wizard.importing.MavenStrategy$MavenCodeSetImport.run(MavenStrategy.java:85)
	at org.springframework.ide.eclipse.boot.wizard.NewSpringBootWizardModel.importProject(NewSpringBootWizardModel.java:343)
	at org.springframework.ide.eclipse.boot.wizard.NewSpringBootWizardModel.performFinish(NewSpringBootWizardModel.java:322)
	at org.springframework.ide.eclipse.boot.wizard.NewSpringBootWizard$1.runInWorkspace(NewSpringBootWizard.java:229)
	at org.eclipse.core.internal.resources.InternalWorkspaceJob.run(InternalWorkspaceJob.java:43)
	at org.eclipse.core.internal.jobs.Worker.run(Worker.java:63)
Caused by: org.eclipse.aether.resolution.ArtifactResolutionException: org.projectlombok:lombok:jar: was not found in https://repo.maven.apache.org/maven2 during a previous attempt. This failure was cached in the local repository and resolution is not reattempted until the update interval of central has elapsed or updates are forced
	at org.eclipse.aether.internal.impl.DefaultArtifactResolver.resolve(DefaultArtifactResolver.java:425)
	at org.eclipse.aether.internal.impl.DefaultArtifactResolver.resolveArtifacts(DefaultArtifactResolver.java:229)
	at org.eclipse.aether.internal.impl.DefaultRepositorySystem.resolveDependencies(DefaultRepositorySystem.java:340)
	... 29 common frames omitted
Caused by: org.eclipse.aether.transfer.ArtifactNotFoundException: org.projectlombok:lombok:jar: was not found in https://repo.maven.apache.org/maven2 during a previous attempt. This failure was cached in the local repository and resolution is not reattempted until the update interval of central has elapsed or updates are forced
	at org.eclipse.aether.internal.impl.DefaultUpdateCheckManager.newException(DefaultUpdateCheckManager.java:217)
	at org.eclipse.aether.internal.impl.DefaultUpdateCheckManager.checkArtifact(DefaultUpdateCheckManager.java:189)
	at org.eclipse.aether.internal.impl.DefaultArtifactResolver.gatherDownloads(DefaultArtifactResolver.java:574)
	at org.eclipse.aether.internal.impl.DefaultArtifactResolver.performDownloads(DefaultArtifactResolver.java:484)
	at org.eclipse.aether.internal.impl.DefaultArtifactResolver.resolve(DefaultArtifactResolver.java:402)
	... 31 common frames omitted
2025-06-23 16:28:25,358 [Worker-32: Download sources and javadoc] INFO  o.e.m.c.i.e.AbstractTransferListenerAdapter - Downloaded https://repo.maven.apache.org/maven2/org/springframework/data/spring-data-jpa/3.5.1/spring-data-jpa-3.5.1-sources.jar
2025-06-23 16:28:25,361 [Worker-32: Download sources and javadoc] INFO  o.e.m.j.internal.DownloadSourcesJob - Downloaded sources for org.springframework.data:spring-data-jpa:3.5.1
2025-06-23 16:28:25,424 [Worker-32: Download sources and javadoc] INFO  o.e.m.c.i.e.AbstractTransferListenerAdapter - Downloading https://repo.maven.apache.org/maven2/org/springframework/data/spring-data-commons/3.5.1/spring-data-commons-3.5.1-sources.jar
2025-06-23 16:28:25,529 [Worker-32: Download sources and javadoc] INFO  o.e.m.c.i.e.AbstractTransferListenerAdapter - Downloaded https://repo.maven.apache.org/maven2/org/springframework/data/spring-data-commons/3.5.1/spring-data-commons-3.5.1-sources.jar
2025-06-23 16:28:25,534 [Worker-32: Download sources and javadoc] INFO  o.e.m.j.internal.DownloadSourcesJob - Downloaded sources for org.springframework.data:spring-data-commons:3.5.1
2025-06-23 16:28:25,580 [Worker-32: Download sources and javadoc] INFO  o.e.m.c.i.e.AbstractTransferListenerAdapter - Downloading https://repo.maven.apache.org/maven2/org/springframework/spring-orm/6.2.8/spring-orm-6.2.8-sources.jar
2025-06-23 16:28:25,639 [Worker-32: Download sources and javadoc] INFO  o.e.m.c.i.e.AbstractTransferListenerAdapter - Downloaded https://repo.maven.apache.org/maven2/org/springframework/spring-orm/6.2.8/spring-orm-6.2.8-sources.jar
2025-06-23 16:28:25,643 [Worker-32: Download sources and javadoc] INFO  o.e.m.j.internal.DownloadSourcesJob - Downloaded sources for org.springframework:spring-orm:6.2.8
2025-06-23 16:28:25,703 [Worker-32: Download sources and javadoc] INFO  o.e.m.c.i.e.AbstractTransferListenerAdapter - Downloading https://repo.maven.apache.org/maven2/org/springframework/spring-tx/6.2.8/spring-tx-6.2.8-sources.jar
2025-06-23 16:28:25,780 [Worker-32: Download sources and javadoc] INFO  o.e.m.c.i.e.AbstractTransferListenerAdapter - Downloaded https://repo.maven.apache.org/maven2/org/springframework/spring-tx/6.2.8/spring-tx-6.2.8-sources.jar
2025-06-23 16:28:25,783 [Worker-32: Download sources and javadoc] INFO  o.e.m.j.internal.DownloadSourcesJob - Downloaded sources for org.springframework:spring-tx:6.2.8
2025-06-23 16:28:25,825 [Worker-32: Download sources and javadoc] INFO  o.e.m.c.i.e.AbstractTransferListenerAdapter - Downloading https://repo.maven.apache.org/maven2/org/springframework/spring-aspects/6.2.8/spring-aspects-6.2.8-sources.jar
2025-06-23 16:28:26,021 [Worker-32: Download sources and javadoc] INFO  o.e.m.c.i.e.AbstractTransferListenerAdapter - Downloaded https://repo.maven.apache.org/maven2/org/springframework/spring-aspects/6.2.8/spring-aspects-6.2.8-sources.jar
2025-06-23 16:28:26,024 [Worker-32: Download sources and javadoc] INFO  o.e.m.j.internal.DownloadSourcesJob - Downloaded sources for org.springframework:spring-aspects:6.2.8
2025-06-23 16:28:26,083 [Worker-32: Download sources and javadoc] INFO  o.e.m.c.i.e.AbstractTransferListenerAdapter - Downloading https://repo.maven.apache.org/maven2/com/oracle/database/jdbc/ojdbc11/23.7.0.25.01/ojdbc11-23.7.0.25.01-sources.jar
2025-06-23 16:28:26,126 [Worker-32: Download sources and javadoc] INFO  o.e.m.c.i.e.AbstractTransferListenerAdapter - Downloaded https://repo.maven.apache.org/maven2/com/oracle/database/jdbc/ojdbc11/23.7.0.25.01/ojdbc11-23.7.0.25.01-sources.jar
2025-06-23 16:28:26,129 [Worker-32: Download sources and javadoc] INFO  o.e.m.j.internal.DownloadSourcesJob - Downloaded sources for com.oracle.database.jdbc:ojdbc11:23.7.0.25.01
2025-06-23 16:57:12,043 [Worker-39: Updating Maven Project] INFO  o.e.m.c.i.p.ProjectConfigurationManager - Update started
2025-06-23 16:57:12,508 [Worker-39: Updating Maven Project] INFO  o.e.m.c.i.l.LifecycleMappingFactory - Using org.eclipse.m2e.jdt.JarLifecycleMapping lifecycle mapping for MavenProject: com.thetiebar:05-Product_Service:0.0.1-SNAPSHOT @ C:\Pravin\TheTileBar\05-Product_Service\pom.xml.
2025-06-23 16:57:13,401 [Worker-39: Updating Maven Project] INFO  o.e.m.j.i.AbstractJavaProjectConfigurator - Adding source folder /05-Product_Service/src/main/java
2025-06-23 16:57:13,402 [Worker-39: Updating Maven Project] INFO  o.e.m.j.i.AbstractJavaProjectConfigurator - Adding resource folder /05-Product_Service/src/main/resources
2025-06-23 16:57:13,402 [Worker-39: Updating Maven Project] INFO  o.e.m.j.i.AbstractJavaProjectConfigurator - Adding resource folder /05-Product_Service/src/main/resources
2025-06-23 16:57:13,403 [Worker-39: Updating Maven Project] INFO  o.e.m.j.i.AbstractJavaProjectConfigurator - Adding source folder /05-Product_Service/src/test/java
2025-06-23 16:57:13,771 [Worker-39: Updating Maven Project] INFO  o.e.m.c.i.e.AbstractTransferListenerAdapter - Downloaded https://repo.maven.apache.org/maven2/org/projectlombok/lombok//lombok-.pom
2025-06-23 16:57:13,773 [Worker-39: Updating Maven Project] WARN  o.e.m.c.i.embedder.EclipseLogger - The POM for org.projectlombok:lombok:jar: is missing, no dependency information available
2025-06-23 16:57:14,077 [Worker-39: Updating Maven Project] INFO  o.e.m.c.i.e.AbstractTransferListenerAdapter - Downloaded https://repo.maven.apache.org/maven2/org/projectlombok/lombok//lombok-.jar
2025-06-23 16:57:14,079 [Worker-39: Updating Maven Project] ERROR o.e.m.a.i.u.PluginDependencyResolver - Unable to collect dependencies for plugin
org.eclipse.aether.resolution.DependencyResolutionException: Could not find artifact org.projectlombok:lombok:jar: in central (https://repo.maven.apache.org/maven2)
	at org.eclipse.aether.internal.impl.DefaultRepositorySystem.resolveDependencies(DefaultRepositorySystem.java:357)
	at org.eclipse.m2e.apt.internal.utils.PluginDependencyResolver.getResolvedPluginDependencies(PluginDependencyResolver.java:106)
	at org.eclipse.m2e.apt.internal.compiler.MavenCompilerJdtAptDelegate.getAnnotationProcessorConfiguration(MavenCompilerJdtAptDelegate.java:172)
	at org.eclipse.m2e.apt.internal.AbstractAptConfiguratorDelegate.configureClasspath(AbstractAptConfiguratorDelegate.java:255)
	at org.eclipse.m2e.apt.internal.AbstractAptProjectConfigurator.lambda$1(AbstractAptProjectConfigurator.java:156)
	at org.eclipse.m2e.core.internal.embedder.MavenExecutionContext.executeBare(MavenExecutionContext.java:364)
	at org.eclipse.m2e.core.internal.embedder.MavenExecutionContext.execute(MavenExecutionContext.java:274)
	at org.eclipse.m2e.core.internal.embedder.MavenExecutionContext.execute(MavenExecutionContext.java:213)
	at org.eclipse.m2e.apt.internal.AbstractAptProjectConfigurator.configureRawClasspath(AbstractAptProjectConfigurator.java:150)
	at org.eclipse.m2e.jdt.internal.AbstractJavaProjectConfigurator.invokeJavaProjectConfigurators(AbstractJavaProjectConfigurator.java:227)
	at org.eclipse.m2e.jdt.internal.AbstractJavaProjectConfigurator.configure(AbstractJavaProjectConfigurator.java:186)
	at org.eclipse.m2e.core.project.configurator.AbstractLifecycleMapping.configure(AbstractLifecycleMapping.java:123)
	at org.eclipse.m2e.core.internal.project.ProjectConfigurationManager.lambda$6(ProjectConfigurationManager.java:494)
	at org.eclipse.m2e.core.internal.embedder.MavenExecutionContext.executeBare(MavenExecutionContext.java:364)
	at org.eclipse.m2e.core.internal.embedder.MavenExecutionContext.execute(MavenExecutionContext.java:274)
	at org.eclipse.m2e.core.internal.project.ProjectConfigurationManager.updateProjectConfiguration(ProjectConfigurationManager.java:488)
	at org.eclipse.m2e.core.internal.project.ProjectConfigurationManager.lambda$4(ProjectConfigurationManager.java:416)
	at java.base/java.util.Collection.removeIf(Collection.java:576)
	at org.eclipse.m2e.core.internal.project.ProjectConfigurationManager.updateProjectConfiguration0(ProjectConfigurationManager.java:410)
	at org.eclipse.m2e.core.internal.project.ProjectConfigurationManager.lambda$3(ProjectConfigurationManager.java:340)
	at org.eclipse.m2e.core.internal.embedder.MavenExecutionContext.executeBare(MavenExecutionContext.java:364)
	at org.eclipse.m2e.core.internal.embedder.MavenExecutionContext.execute(MavenExecutionContext.java:274)
	at org.eclipse.m2e.core.internal.embedder.MavenExecutionContext.execute(MavenExecutionContext.java:213)
	at org.eclipse.m2e.core.internal.embedder.MavenImpl.execute(MavenImpl.java:1102)
	at org.eclipse.m2e.core.internal.project.ProjectConfigurationManager.updateProjectConfiguration(ProjectConfigurationManager.java:339)
	at org.eclipse.m2e.core.ui.internal.UpdateMavenProjectJob.runInWorkspace(UpdateMavenProjectJob.java:80)
	at org.eclipse.core.internal.resources.InternalWorkspaceJob.run(InternalWorkspaceJob.java:43)
	at org.eclipse.core.internal.jobs.Worker.run(Worker.java:63)
Caused by: org.eclipse.aether.resolution.ArtifactResolutionException: Could not find artifact org.projectlombok:lombok:jar: in central (https://repo.maven.apache.org/maven2)
	at org.eclipse.aether.internal.impl.DefaultArtifactResolver.resolve(DefaultArtifactResolver.java:425)
	at org.eclipse.aether.internal.impl.DefaultArtifactResolver.resolveArtifacts(DefaultArtifactResolver.java:229)
	at org.eclipse.aether.internal.impl.DefaultRepositorySystem.resolveDependencies(DefaultRepositorySystem.java:340)
	... 27 common frames omitted
Caused by: org.eclipse.aether.transfer.ArtifactNotFoundException: Could not find artifact org.projectlombok:lombok:jar: in central (https://repo.maven.apache.org/maven2)
	at io.takari.aether.connector.AetherRepositoryConnector$2.wrap(AetherRepositoryConnector.java:887)
	at io.takari.aether.connector.AetherRepositoryConnector$2.wrap(AetherRepositoryConnector.java:1)
	at io.takari.aether.connector.AetherRepositoryConnector$GetTask.flush(AetherRepositoryConnector.java:659)
	at io.takari.aether.connector.AetherRepositoryConnector.get(AetherRepositoryConnector.java:337)
	at org.eclipse.aether.internal.impl.DefaultArtifactResolver.performDownloads(DefaultArtifactResolver.java:514)
	at org.eclipse.aether.internal.impl.DefaultArtifactResolver.resolve(DefaultArtifactResolver.java:402)
	... 29 common frames omitted
2025-06-23 16:57:14,104 [Worker-39: Updating Maven Project] INFO  o.e.m.c.i.p.ProjectConfigurationManager - Update completed for 1 poms: local refresh takes 0.00 sec, refresh facades takes 1.00 sec, update config takes 0.00 sec 
2025-06-23 16:57:38,158 [Worker-47: Updating Maven Project] INFO  o.e.m.c.i.p.ProjectConfigurationManager - Update started
2025-06-23 16:57:38,521 [Worker-47: Updating Maven Project] INFO  o.e.m.c.i.l.LifecycleMappingFactory - Using org.eclipse.m2e.jdt.JarLifecycleMapping lifecycle mapping for MavenProject: com.thetiebar:05-Product_Service:0.0.1-SNAPSHOT @ C:\Pravin\TheTileBar\05-Product_Service\pom.xml.
2025-06-23 16:57:39,260 [Worker-47: Updating Maven Project] INFO  o.e.m.j.i.AbstractJavaProjectConfigurator - Adding source folder /05-Product_Service/src/main/java
2025-06-23 16:57:39,261 [Worker-47: Updating Maven Project] INFO  o.e.m.j.i.AbstractJavaProjectConfigurator - Adding resource folder /05-Product_Service/src/main/resources
2025-06-23 16:57:39,262 [Worker-47: Updating Maven Project] INFO  o.e.m.j.i.AbstractJavaProjectConfigurator - Adding resource folder /05-Product_Service/src/main/resources
2025-06-23 16:57:39,262 [Worker-47: Updating Maven Project] INFO  o.e.m.j.i.AbstractJavaProjectConfigurator - Adding source folder /05-Product_Service/src/test/java
2025-06-23 16:57:39,408 [Worker-47: Updating Maven Project] INFO  o.e.m.c.i.e.AbstractTransferListenerAdapter - Downloaded https://repo.maven.apache.org/maven2/org/projectlombok/lombok//lombok-.pom
2025-06-23 16:57:39,409 [Worker-47: Updating Maven Project] WARN  o.e.m.c.i.embedder.EclipseLogger - The POM for org.projectlombok:lombok:jar: is missing, no dependency information available
2025-06-23 16:57:39,431 [Worker-47: Updating Maven Project] INFO  o.e.m.c.i.e.AbstractTransferListenerAdapter - Downloaded https://repo.maven.apache.org/maven2/org/projectlombok/lombok//lombok-.jar
2025-06-23 16:57:39,433 [Worker-47: Updating Maven Project] ERROR o.e.m.a.i.u.PluginDependencyResolver - Unable to collect dependencies for plugin
org.eclipse.aether.resolution.DependencyResolutionException: Could not find artifact org.projectlombok:lombok:jar: in central (https://repo.maven.apache.org/maven2)
	at org.eclipse.aether.internal.impl.DefaultRepositorySystem.resolveDependencies(DefaultRepositorySystem.java:357)
	at org.eclipse.m2e.apt.internal.utils.PluginDependencyResolver.getResolvedPluginDependencies(PluginDependencyResolver.java:106)
	at org.eclipse.m2e.apt.internal.compiler.MavenCompilerJdtAptDelegate.getAnnotationProcessorConfiguration(MavenCompilerJdtAptDelegate.java:172)
	at org.eclipse.m2e.apt.internal.AbstractAptConfiguratorDelegate.configureClasspath(AbstractAptConfiguratorDelegate.java:255)
	at org.eclipse.m2e.apt.internal.AbstractAptProjectConfigurator.lambda$1(AbstractAptProjectConfigurator.java:156)
	at org.eclipse.m2e.core.internal.embedder.MavenExecutionContext.executeBare(MavenExecutionContext.java:364)
	at org.eclipse.m2e.core.internal.embedder.MavenExecutionContext.execute(MavenExecutionContext.java:274)
	at org.eclipse.m2e.core.internal.embedder.MavenExecutionContext.execute(MavenExecutionContext.java:213)
	at org.eclipse.m2e.apt.internal.AbstractAptProjectConfigurator.configureRawClasspath(AbstractAptProjectConfigurator.java:150)
	at org.eclipse.m2e.jdt.internal.AbstractJavaProjectConfigurator.invokeJavaProjectConfigurators(AbstractJavaProjectConfigurator.java:227)
	at org.eclipse.m2e.jdt.internal.AbstractJavaProjectConfigurator.configure(AbstractJavaProjectConfigurator.java:186)
	at org.eclipse.m2e.core.project.configurator.AbstractLifecycleMapping.configure(AbstractLifecycleMapping.java:123)
	at org.eclipse.m2e.core.internal.project.ProjectConfigurationManager.lambda$6(ProjectConfigurationManager.java:494)
	at org.eclipse.m2e.core.internal.embedder.MavenExecutionContext.executeBare(MavenExecutionContext.java:364)
	at org.eclipse.m2e.core.internal.embedder.MavenExecutionContext.execute(MavenExecutionContext.java:274)
	at org.eclipse.m2e.core.internal.project.ProjectConfigurationManager.updateProjectConfiguration(ProjectConfigurationManager.java:488)
	at org.eclipse.m2e.core.internal.project.ProjectConfigurationManager.lambda$4(ProjectConfigurationManager.java:416)
	at java.base/java.util.Collection.removeIf(Collection.java:576)
	at org.eclipse.m2e.core.internal.project.ProjectConfigurationManager.updateProjectConfiguration0(ProjectConfigurationManager.java:410)
	at org.eclipse.m2e.core.internal.project.ProjectConfigurationManager.lambda$3(ProjectConfigurationManager.java:340)
	at org.eclipse.m2e.core.internal.embedder.MavenExecutionContext.executeBare(MavenExecutionContext.java:364)
	at org.eclipse.m2e.core.internal.embedder.MavenExecutionContext.execute(MavenExecutionContext.java:274)
	at org.eclipse.m2e.core.internal.embedder.MavenExecutionContext.execute(MavenExecutionContext.java:213)
	at org.eclipse.m2e.core.internal.embedder.MavenImpl.execute(MavenImpl.java:1102)
	at org.eclipse.m2e.core.internal.project.ProjectConfigurationManager.updateProjectConfiguration(ProjectConfigurationManager.java:339)
	at org.eclipse.m2e.core.ui.internal.UpdateMavenProjectJob.runInWorkspace(UpdateMavenProjectJob.java:80)
	at org.eclipse.core.internal.resources.InternalWorkspaceJob.run(InternalWorkspaceJob.java:43)
	at org.eclipse.core.internal.jobs.Worker.run(Worker.java:63)
Caused by: org.eclipse.aether.resolution.ArtifactResolutionException: Could not find artifact org.projectlombok:lombok:jar: in central (https://repo.maven.apache.org/maven2)
	at org.eclipse.aether.internal.impl.DefaultArtifactResolver.resolve(DefaultArtifactResolver.java:425)
	at org.eclipse.aether.internal.impl.DefaultArtifactResolver.resolveArtifacts(DefaultArtifactResolver.java:229)
	at org.eclipse.aether.internal.impl.DefaultRepositorySystem.resolveDependencies(DefaultRepositorySystem.java:340)
	... 27 common frames omitted
Caused by: org.eclipse.aether.transfer.ArtifactNotFoundException: Could not find artifact org.projectlombok:lombok:jar: in central (https://repo.maven.apache.org/maven2)
	at io.takari.aether.connector.AetherRepositoryConnector$2.wrap(AetherRepositoryConnector.java:887)
	at io.takari.aether.connector.AetherRepositoryConnector$2.wrap(AetherRepositoryConnector.java:1)
	at io.takari.aether.connector.AetherRepositoryConnector$GetTask.flush(AetherRepositoryConnector.java:659)
	at io.takari.aether.connector.AetherRepositoryConnector.get(AetherRepositoryConnector.java:337)
	at org.eclipse.aether.internal.impl.DefaultArtifactResolver.performDownloads(DefaultArtifactResolver.java:514)
	at org.eclipse.aether.internal.impl.DefaultArtifactResolver.resolve(DefaultArtifactResolver.java:402)
	... 29 common frames omitted
2025-06-23 16:57:39,443 [Worker-47: Updating Maven Project] INFO  o.e.m.c.i.p.ProjectConfigurationManager - Update completed for 1 poms: local refresh takes 0.00 sec, refresh facades takes 1.00 sec, update config takes 0.00 sec 
2025-06-24 11:41:32,516 [Worker-2: Loading available Gradle versions] INFO  o.e.b.c.i.u.g.PublishedGradleVersions - Gradle version information cache is out-of-date. Trying to update.
2025-06-24 11:58:43,440 [Worker-18: Updating Maven Project] INFO  o.e.m.c.i.p.ProjectConfigurationManager - Update started
2025-06-24 11:58:46,614 [Worker-18: Updating Maven Project] INFO  o.e.m.c.i.l.LifecycleMappingFactory - Using org.eclipse.m2e.jdt.JarLifecycleMapping lifecycle mapping for MavenProject: com.thetiebar:05-Product_Service:0.0.1-SNAPSHOT @ C:\Pravin\TheTileBar\05-Product_Service\pom.xml.
2025-06-24 11:58:48,046 [Worker-18: Updating Maven Project] INFO  o.e.m.j.i.AbstractJavaProjectConfigurator - Adding source folder /05-Product_Service/src/main/java
2025-06-24 11:58:48,047 [Worker-18: Updating Maven Project] INFO  o.e.m.j.i.AbstractJavaProjectConfigurator - Adding resource folder /05-Product_Service/src/main/resources
2025-06-24 11:58:48,047 [Worker-18: Updating Maven Project] INFO  o.e.m.j.i.AbstractJavaProjectConfigurator - Adding resource folder /05-Product_Service/src/main/resources
2025-06-24 11:58:48,048 [Worker-18: Updating Maven Project] INFO  o.e.m.j.i.AbstractJavaProjectConfigurator - Adding source folder /05-Product_Service/src/test/java
2025-06-24 11:58:48,796 [Worker-7: Download sources and javadoc] INFO  o.e.m.c.i.e.AbstractTransferListenerAdapter - Downloading https://repo.maven.apache.org/maven2/org/modelmapper/modelmapper/2.4.4/modelmapper-2.4.4-sources.jar
2025-06-24 11:58:49,047 [Worker-18: Updating Maven Project] INFO  o.e.m.c.i.e.AbstractTransferListenerAdapter - Downloaded https://repo.maven.apache.org/maven2/org/projectlombok/lombok//lombok-.pom
2025-06-24 11:58:49,051 [Worker-18: Updating Maven Project] WARN  o.e.m.c.i.embedder.EclipseLogger - The POM for org.projectlombok:lombok:jar: is missing, no dependency information available
2025-06-24 11:58:49,066 [Worker-7: Download sources and javadoc] INFO  o.e.m.c.i.e.AbstractTransferListenerAdapter - Downloaded https://repo.maven.apache.org/maven2/org/modelmapper/modelmapper/2.4.4/modelmapper-2.4.4-sources.jar
2025-06-24 11:58:49,071 [Worker-7: Download sources and javadoc] INFO  o.e.m.j.internal.DownloadSourcesJob - Downloaded sources for org.modelmapper:modelmapper:2.4.4
2025-06-24 11:58:49,457 [Worker-18: Updating Maven Project] INFO  o.e.m.c.i.e.AbstractTransferListenerAdapter - Downloaded https://repo.maven.apache.org/maven2/org/projectlombok/lombok//lombok-.jar
2025-06-24 11:58:49,463 [Worker-18: Updating Maven Project] ERROR o.e.m.a.i.u.PluginDependencyResolver - Unable to collect dependencies for plugin
org.eclipse.aether.resolution.DependencyResolutionException: Could not find artifact org.projectlombok:lombok:jar: in central (https://repo.maven.apache.org/maven2)
	at org.eclipse.aether.internal.impl.DefaultRepositorySystem.resolveDependencies(DefaultRepositorySystem.java:357)
	at org.eclipse.m2e.apt.internal.utils.PluginDependencyResolver.getResolvedPluginDependencies(PluginDependencyResolver.java:106)
	at org.eclipse.m2e.apt.internal.compiler.MavenCompilerJdtAptDelegate.getAnnotationProcessorConfiguration(MavenCompilerJdtAptDelegate.java:172)
	at org.eclipse.m2e.apt.internal.AbstractAptConfiguratorDelegate.configureClasspath(AbstractAptConfiguratorDelegate.java:255)
	at org.eclipse.m2e.apt.internal.AbstractAptProjectConfigurator.lambda$1(AbstractAptProjectConfigurator.java:156)
	at org.eclipse.m2e.core.internal.embedder.MavenExecutionContext.executeBare(MavenExecutionContext.java:364)
	at org.eclipse.m2e.core.internal.embedder.MavenExecutionContext.execute(MavenExecutionContext.java:274)
	at org.eclipse.m2e.core.internal.embedder.MavenExecutionContext.execute(MavenExecutionContext.java:213)
	at org.eclipse.m2e.apt.internal.AbstractAptProjectConfigurator.configureRawClasspath(AbstractAptProjectConfigurator.java:150)
	at org.eclipse.m2e.jdt.internal.AbstractJavaProjectConfigurator.invokeJavaProjectConfigurators(AbstractJavaProjectConfigurator.java:227)
	at org.eclipse.m2e.jdt.internal.AbstractJavaProjectConfigurator.configure(AbstractJavaProjectConfigurator.java:186)
	at org.eclipse.m2e.core.project.configurator.AbstractLifecycleMapping.configure(AbstractLifecycleMapping.java:123)
	at org.eclipse.m2e.core.internal.project.ProjectConfigurationManager.lambda$6(ProjectConfigurationManager.java:494)
	at org.eclipse.m2e.core.internal.embedder.MavenExecutionContext.executeBare(MavenExecutionContext.java:364)
	at org.eclipse.m2e.core.internal.embedder.MavenExecutionContext.execute(MavenExecutionContext.java:274)
	at org.eclipse.m2e.core.internal.project.ProjectConfigurationManager.updateProjectConfiguration(ProjectConfigurationManager.java:488)
	at org.eclipse.m2e.core.internal.project.ProjectConfigurationManager.lambda$4(ProjectConfigurationManager.java:416)
	at java.base/java.util.Collection.removeIf(Collection.java:576)
	at org.eclipse.m2e.core.internal.project.ProjectConfigurationManager.updateProjectConfiguration0(ProjectConfigurationManager.java:410)
	at org.eclipse.m2e.core.internal.project.ProjectConfigurationManager.lambda$3(ProjectConfigurationManager.java:340)
	at org.eclipse.m2e.core.internal.embedder.MavenExecutionContext.executeBare(MavenExecutionContext.java:364)
	at org.eclipse.m2e.core.internal.embedder.MavenExecutionContext.execute(MavenExecutionContext.java:274)
	at org.eclipse.m2e.core.internal.embedder.MavenExecutionContext.execute(MavenExecutionContext.java:213)
	at org.eclipse.m2e.core.internal.embedder.MavenImpl.execute(MavenImpl.java:1102)
	at org.eclipse.m2e.core.internal.project.ProjectConfigurationManager.updateProjectConfiguration(ProjectConfigurationManager.java:339)
	at org.eclipse.m2e.core.ui.internal.UpdateMavenProjectJob.runInWorkspace(UpdateMavenProjectJob.java:80)
	at org.eclipse.core.internal.resources.InternalWorkspaceJob.run(InternalWorkspaceJob.java:43)
	at org.eclipse.core.internal.jobs.Worker.run(Worker.java:63)
Caused by: org.eclipse.aether.resolution.ArtifactResolutionException: Could not find artifact org.projectlombok:lombok:jar: in central (https://repo.maven.apache.org/maven2)
	at org.eclipse.aether.internal.impl.DefaultArtifactResolver.resolve(DefaultArtifactResolver.java:425)
	at org.eclipse.aether.internal.impl.DefaultArtifactResolver.resolveArtifacts(DefaultArtifactResolver.java:229)
	at org.eclipse.aether.internal.impl.DefaultRepositorySystem.resolveDependencies(DefaultRepositorySystem.java:340)
	... 27 common frames omitted
Caused by: org.eclipse.aether.transfer.ArtifactNotFoundException: Could not find artifact org.projectlombok:lombok:jar: in central (https://repo.maven.apache.org/maven2)
	at io.takari.aether.connector.AetherRepositoryConnector$2.wrap(AetherRepositoryConnector.java:887)
	at io.takari.aether.connector.AetherRepositoryConnector$2.wrap(AetherRepositoryConnector.java:1)
	at io.takari.aether.connector.AetherRepositoryConnector$GetTask.flush(AetherRepositoryConnector.java:659)
	at io.takari.aether.connector.AetherRepositoryConnector.get(AetherRepositoryConnector.java:337)
	at org.eclipse.aether.internal.impl.DefaultArtifactResolver.performDownloads(DefaultArtifactResolver.java:514)
	at org.eclipse.aether.internal.impl.DefaultArtifactResolver.resolve(DefaultArtifactResolver.java:402)
	... 29 common frames omitted
2025-06-24 11:58:49,469 [Worker-18: Updating Maven Project] INFO  o.e.m.c.i.p.ProjectConfigurationManager - Update completed for 1 poms: local refresh takes 0.00 sec, refresh facades takes 3.00 sec, update config takes 2.00 sec 
2025-06-24 17:02:16,092 [Worker-4: Loading available Gradle versions] INFO  o.e.b.c.i.u.g.PublishedGradleVersions - Gradle version information cache is up-to-date. Trying to read.
2025-07-03 20:02:10,980 [Worker-6: Loading available Gradle versions] INFO  o.e.b.c.i.u.g.PublishedGradleVersions - Gradle version information cache is out-of-date. Trying to update.
2025-07-03 22:30:16,249 [Worker-4: Loading available Gradle versions] INFO  o.e.b.c.i.u.g.PublishedGradleVersions - Gradle version information cache is up-to-date. Trying to read.
2025-07-07 19:31:35,927 [Worker-1: Loading available Gradle versions] INFO  o.e.b.c.i.u.g.PublishedGradleVersions - Gradle version information cache is out-of-date. Trying to update.
2025-07-07 19:47:25,132 [Worker-19: Launching 05-Product_Service - Application] INFO  o.a.m.s.f.DefaultMavenResourcesFiltering - Copying 1 resource from src\main\resources to target\classes
2025-07-07 19:47:25,220 [Worker-19: Launching 05-Product_Service - Application] INFO  o.a.m.s.f.DefaultMavenResourcesFiltering - Copying 0 resource from src\main\resources to target\classes
2025-07-07 19:47:25,224 [Worker-19: Launching 05-Product_Service - Application] INFO  o.a.m.s.f.DefaultMavenResourcesFiltering - skip non existing resourceDirectory C:\Pravin\TheTileBar\05-Product_Service\src\test\resources
2025-07-08 14:47:06,652 [Worker-6: Loading available Gradle versions] INFO  o.e.b.c.i.u.g.PublishedGradleVersions - Gradle version information cache is up-to-date. Trying to read.
2025-07-09 04:23:01,541 [Worker-4: Loading available Gradle versions] INFO  o.e.b.c.i.u.g.PublishedGradleVersions - Gradle version information cache is out-of-date. Trying to update.
2025-07-09 07:32:58,834 [Worker-6: Loading available Gradle versions] INFO  o.e.b.c.i.u.g.PublishedGradleVersions - Gradle version information cache is up-to-date. Trying to read.
2025-07-09 07:46:31,852 [Worker-12: Import Getting Started Content] INFO  o.e.m.c.i.e.AbstractTransferListenerAdapter - Downloading https://repo.maven.apache.org/maven2/de/codecentric/spring-boot-admin-dependencies/3.5.0/spring-boot-admin-dependencies-3.5.0.pom
2025-07-09 07:46:31,887 [Worker-12: Import Getting Started Content] INFO  o.e.m.c.i.e.AbstractTransferListenerAdapter - Downloaded https://repo.maven.apache.org/maven2/de/codecentric/spring-boot-admin-dependencies/3.5.0/spring-boot-admin-dependencies-3.5.0.pom
2025-07-09 07:46:34,112 [Worker-12: Import Getting Started Content] INFO  o.e.m.c.i.l.LifecycleMappingFactory - Using org.eclipse.m2e.jdt.JarLifecycleMapping lifecycle mapping for MavenProject: com.thetiebar:02-Admin_Server:0.0.1-SNAPSHOT @ C:\Pravin\TheTileBar\02-Admin_Server\pom.xml.
2025-07-09 07:46:34,136 [Worker-12: Import Getting Started Content] INFO  o.e.m.c.i.e.AbstractTransferListenerAdapter - Downloading https://repo.maven.apache.org/maven2/de/codecentric/spring-boot-admin-starter-server/3.5.0/spring-boot-admin-starter-server-3.5.0.pom
2025-07-09 07:46:34,172 [Worker-12: Import Getting Started Content] INFO  o.e.m.c.i.e.AbstractTransferListenerAdapter - Downloaded https://repo.maven.apache.org/maven2/de/codecentric/spring-boot-admin-starter-server/3.5.0/spring-boot-admin-starter-server-3.5.0.pom
2025-07-09 07:46:34,188 [Worker-12: Import Getting Started Content] INFO  o.e.m.c.i.e.AbstractTransferListenerAdapter - Downloading https://repo.maven.apache.org/maven2/de/codecentric/spring-boot-admin-build/3.5.0/spring-boot-admin-build-3.5.0.pom
2025-07-09 07:46:34,224 [Worker-12: Import Getting Started Content] INFO  o.e.m.c.i.e.AbstractTransferListenerAdapter - Downloaded https://repo.maven.apache.org/maven2/de/codecentric/spring-boot-admin-build/3.5.0/spring-boot-admin-build-3.5.0.pom
2025-07-09 07:46:34,240 [Worker-12: Import Getting Started Content] INFO  o.e.m.c.i.e.AbstractTransferListenerAdapter - Downloading https://repo.maven.apache.org/maven2/de/codecentric/spring-boot-admin-server/3.5.0/spring-boot-admin-server-3.5.0.pom
2025-07-09 07:46:34,275 [Worker-12: Import Getting Started Content] INFO  o.e.m.c.i.e.AbstractTransferListenerAdapter - Downloaded https://repo.maven.apache.org/maven2/de/codecentric/spring-boot-admin-server/3.5.0/spring-boot-admin-server-3.5.0.pom
2025-07-09 07:46:34,349 [Worker-12: Import Getting Started Content] INFO  o.e.m.c.i.e.AbstractTransferListenerAdapter - Downloading https://repo.maven.apache.org/maven2/org/springframework/boot/spring-boot-starter-webflux/3.5.3/spring-boot-starter-webflux-3.5.3.pom
2025-07-09 07:46:34,380 [Worker-12: Import Getting Started Content] INFO  o.e.m.c.i.e.AbstractTransferListenerAdapter - Downloaded https://repo.maven.apache.org/maven2/org/springframework/boot/spring-boot-starter-webflux/3.5.3/spring-boot-starter-webflux-3.5.3.pom
2025-07-09 07:46:34,415 [Worker-12: Import Getting Started Content] INFO  o.e.m.c.i.e.AbstractTransferListenerAdapter - Downloading https://repo.maven.apache.org/maven2/org/springframework/boot/spring-boot-starter-reactor-netty/3.5.3/spring-boot-starter-reactor-netty-3.5.3.pom
2025-07-09 07:46:34,447 [Worker-12: Import Getting Started Content] INFO  o.e.m.c.i.e.AbstractTransferListenerAdapter - Downloaded https://repo.maven.apache.org/maven2/org/springframework/boot/spring-boot-starter-reactor-netty/3.5.3/spring-boot-starter-reactor-netty-3.5.3.pom
2025-07-09 07:46:34,462 [Worker-12: Import Getting Started Content] INFO  o.e.m.c.i.e.AbstractTransferListenerAdapter - Downloading https://repo.maven.apache.org/maven2/io/projectreactor/netty/reactor-netty-http/1.2.7/reactor-netty-http-1.2.7.pom
2025-07-09 07:46:34,492 [Worker-12: Import Getting Started Content] INFO  o.e.m.c.i.e.AbstractTransferListenerAdapter - Downloaded https://repo.maven.apache.org/maven2/io/projectreactor/netty/reactor-netty-http/1.2.7/reactor-netty-http-1.2.7.pom
2025-07-09 07:46:34,506 [Worker-12: Import Getting Started Content] INFO  o.e.m.c.i.e.AbstractTransferListenerAdapter - Downloading https://repo.maven.apache.org/maven2/io/netty/netty-codec-http/4.1.122.Final/netty-codec-http-4.1.122.Final.pom
2025-07-09 07:46:34,538 [Worker-12: Import Getting Started Content] INFO  o.e.m.c.i.e.AbstractTransferListenerAdapter - Downloaded https://repo.maven.apache.org/maven2/io/netty/netty-codec-http/4.1.122.Final/netty-codec-http-4.1.122.Final.pom
2025-07-09 07:46:34,552 [Worker-12: Import Getting Started Content] INFO  o.e.m.c.i.e.AbstractTransferListenerAdapter - Downloading https://repo.maven.apache.org/maven2/io/netty/netty-parent/4.1.122.Final/netty-parent-4.1.122.Final.pom
2025-07-09 07:46:34,596 [Worker-12: Import Getting Started Content] INFO  o.e.m.c.i.e.AbstractTransferListenerAdapter - Downloaded https://repo.maven.apache.org/maven2/io/netty/netty-parent/4.1.122.Final/netty-parent-4.1.122.Final.pom
2025-07-09 07:46:34,611 [Worker-12: Import Getting Started Content] INFO  o.e.m.c.i.e.AbstractTransferListenerAdapter - Downloading https://repo.maven.apache.org/maven2/io/netty/netty-common/4.1.122.Final/netty-common-4.1.122.Final.pom
2025-07-09 07:46:34,642 [Worker-12: Import Getting Started Content] INFO  o.e.m.c.i.e.AbstractTransferListenerAdapter - Downloaded https://repo.maven.apache.org/maven2/io/netty/netty-common/4.1.122.Final/netty-common-4.1.122.Final.pom
2025-07-09 07:46:34,664 [Worker-12: Import Getting Started Content] INFO  o.e.m.c.i.e.AbstractTransferListenerAdapter - Downloading https://repo.maven.apache.org/maven2/io/netty/netty-buffer/4.1.122.Final/netty-buffer-4.1.122.Final.pom
2025-07-09 07:46:34,698 [Worker-12: Import Getting Started Content] INFO  o.e.m.c.i.e.AbstractTransferListenerAdapter - Downloaded https://repo.maven.apache.org/maven2/io/netty/netty-buffer/4.1.122.Final/netty-buffer-4.1.122.Final.pom
2025-07-09 07:46:34,721 [Worker-12: Import Getting Started Content] INFO  o.e.m.c.i.e.AbstractTransferListenerAdapter - Downloading https://repo.maven.apache.org/maven2/io/netty/netty-transport/4.1.122.Final/netty-transport-4.1.122.Final.pom
2025-07-09 07:46:34,759 [Worker-12: Import Getting Started Content] INFO  o.e.m.c.i.e.AbstractTransferListenerAdapter - Downloaded https://repo.maven.apache.org/maven2/io/netty/netty-transport/4.1.122.Final/netty-transport-4.1.122.Final.pom
2025-07-09 07:46:34,776 [Worker-12: Import Getting Started Content] INFO  o.e.m.c.i.e.AbstractTransferListenerAdapter - Downloading https://repo.maven.apache.org/maven2/io/netty/netty-resolver/4.1.122.Final/netty-resolver-4.1.122.Final.pom
2025-07-09 07:46:34,817 [Worker-12: Import Getting Started Content] INFO  o.e.m.c.i.e.AbstractTransferListenerAdapter - Downloaded https://repo.maven.apache.org/maven2/io/netty/netty-resolver/4.1.122.Final/netty-resolver-4.1.122.Final.pom
2025-07-09 07:46:34,841 [Worker-12: Import Getting Started Content] INFO  o.e.m.c.i.e.AbstractTransferListenerAdapter - Downloading https://repo.maven.apache.org/maven2/io/netty/netty-codec/4.1.122.Final/netty-codec-4.1.122.Final.pom
2025-07-09 07:46:34,871 [Worker-12: Import Getting Started Content] INFO  o.e.m.c.i.e.AbstractTransferListenerAdapter - Downloaded https://repo.maven.apache.org/maven2/io/netty/netty-codec/4.1.122.Final/netty-codec-4.1.122.Final.pom
2025-07-09 07:46:34,887 [Worker-12: Import Getting Started Content] INFO  o.e.m.c.i.e.AbstractTransferListenerAdapter - Downloading https://repo.maven.apache.org/maven2/io/netty/netty-handler/4.1.122.Final/netty-handler-4.1.122.Final.pom
2025-07-09 07:46:34,924 [Worker-12: Import Getting Started Content] INFO  o.e.m.c.i.e.AbstractTransferListenerAdapter - Downloaded https://repo.maven.apache.org/maven2/io/netty/netty-handler/4.1.122.Final/netty-handler-4.1.122.Final.pom
2025-07-09 07:46:34,942 [Worker-12: Import Getting Started Content] INFO  o.e.m.c.i.e.AbstractTransferListenerAdapter - Downloading https://repo.maven.apache.org/maven2/io/netty/netty-transport-native-unix-common/4.1.122.Final/netty-transport-native-unix-common-4.1.122.Final.pom
2025-07-09 07:46:34,977 [Worker-12: Import Getting Started Content] INFO  o.e.m.c.i.e.AbstractTransferListenerAdapter - Downloaded https://repo.maven.apache.org/maven2/io/netty/netty-transport-native-unix-common/4.1.122.Final/netty-transport-native-unix-common-4.1.122.Final.pom
2025-07-09 07:46:34,993 [Worker-12: Import Getting Started Content] INFO  o.e.m.c.i.e.AbstractTransferListenerAdapter - Downloading https://repo.maven.apache.org/maven2/io/netty/netty-codec-http2/4.1.122.Final/netty-codec-http2-4.1.122.Final.pom
2025-07-09 07:46:35,027 [Worker-12: Import Getting Started Content] INFO  o.e.m.c.i.e.AbstractTransferListenerAdapter - Downloaded https://repo.maven.apache.org/maven2/io/netty/netty-codec-http2/4.1.122.Final/netty-codec-http2-4.1.122.Final.pom
2025-07-09 07:46:35,042 [Worker-12: Import Getting Started Content] INFO  o.e.m.c.i.e.AbstractTransferListenerAdapter - Downloading https://repo.maven.apache.org/maven2/io/netty/netty-resolver-dns/4.1.122.Final/netty-resolver-dns-4.1.122.Final.pom
2025-07-09 07:46:35,076 [Worker-12: Import Getting Started Content] INFO  o.e.m.c.i.e.AbstractTransferListenerAdapter - Downloaded https://repo.maven.apache.org/maven2/io/netty/netty-resolver-dns/4.1.122.Final/netty-resolver-dns-4.1.122.Final.pom
2025-07-09 07:46:35,091 [Worker-12: Import Getting Started Content] INFO  o.e.m.c.i.e.AbstractTransferListenerAdapter - Downloading https://repo.maven.apache.org/maven2/io/netty/netty-codec-dns/4.1.122.Final/netty-codec-dns-4.1.122.Final.pom
2025-07-09 07:46:35,118 [Worker-12: Import Getting Started Content] INFO  o.e.m.c.i.e.AbstractTransferListenerAdapter - Downloaded https://repo.maven.apache.org/maven2/io/netty/netty-codec-dns/4.1.122.Final/netty-codec-dns-4.1.122.Final.pom
2025-07-09 07:46:35,133 [Worker-12: Import Getting Started Content] INFO  o.e.m.c.i.e.AbstractTransferListenerAdapter - Downloading https://repo.maven.apache.org/maven2/io/netty/netty-resolver-dns-native-macos/4.1.122.Final/netty-resolver-dns-native-macos-4.1.122.Final.pom
2025-07-09 07:46:35,162 [Worker-12: Import Getting Started Content] INFO  o.e.m.c.i.e.AbstractTransferListenerAdapter - Downloaded https://repo.maven.apache.org/maven2/io/netty/netty-resolver-dns-native-macos/4.1.122.Final/netty-resolver-dns-native-macos-4.1.122.Final.pom
2025-07-09 07:46:35,177 [Worker-12: Import Getting Started Content] INFO  o.e.m.c.i.e.AbstractTransferListenerAdapter - Downloading https://repo.maven.apache.org/maven2/io/netty/netty-resolver-dns-classes-macos/4.1.122.Final/netty-resolver-dns-classes-macos-4.1.122.Final.pom
2025-07-09 07:46:35,207 [Worker-12: Import Getting Started Content] INFO  o.e.m.c.i.e.AbstractTransferListenerAdapter - Downloaded https://repo.maven.apache.org/maven2/io/netty/netty-resolver-dns-classes-macos/4.1.122.Final/netty-resolver-dns-classes-macos-4.1.122.Final.pom
2025-07-09 07:46:35,224 [Worker-12: Import Getting Started Content] INFO  o.e.m.c.i.e.AbstractTransferListenerAdapter - Downloading https://repo.maven.apache.org/maven2/io/netty/netty-transport-native-epoll/4.1.122.Final/netty-transport-native-epoll-4.1.122.Final.pom
2025-07-09 07:46:35,253 [Worker-12: Import Getting Started Content] INFO  o.e.m.c.i.e.AbstractTransferListenerAdapter - Downloaded https://repo.maven.apache.org/maven2/io/netty/netty-transport-native-epoll/4.1.122.Final/netty-transport-native-epoll-4.1.122.Final.pom
2025-07-09 07:46:35,268 [Worker-12: Import Getting Started Content] INFO  o.e.m.c.i.e.AbstractTransferListenerAdapter - Downloading https://repo.maven.apache.org/maven2/io/netty/netty-transport-classes-epoll/4.1.122.Final/netty-transport-classes-epoll-4.1.122.Final.pom
2025-07-09 07:46:35,297 [Worker-12: Import Getting Started Content] INFO  o.e.m.c.i.e.AbstractTransferListenerAdapter - Downloaded https://repo.maven.apache.org/maven2/io/netty/netty-transport-classes-epoll/4.1.122.Final/netty-transport-classes-epoll-4.1.122.Final.pom
2025-07-09 07:46:35,317 [Worker-12: Import Getting Started Content] INFO  o.e.m.c.i.e.AbstractTransferListenerAdapter - Downloading https://repo.maven.apache.org/maven2/io/projectreactor/netty/reactor-netty-core/1.2.7/reactor-netty-core-1.2.7.pom
2025-07-09 07:46:35,349 [Worker-12: Import Getting Started Content] INFO  o.e.m.c.i.e.AbstractTransferListenerAdapter - Downloaded https://repo.maven.apache.org/maven2/io/projectreactor/netty/reactor-netty-core/1.2.7/reactor-netty-core-1.2.7.pom
2025-07-09 07:46:35,363 [Worker-12: Import Getting Started Content] INFO  o.e.m.c.i.e.AbstractTransferListenerAdapter - Downloading https://repo.maven.apache.org/maven2/io/netty/netty-handler-proxy/4.1.122.Final/netty-handler-proxy-4.1.122.Final.pom
2025-07-09 07:46:35,393 [Worker-12: Import Getting Started Content] INFO  o.e.m.c.i.e.AbstractTransferListenerAdapter - Downloaded https://repo.maven.apache.org/maven2/io/netty/netty-handler-proxy/4.1.122.Final/netty-handler-proxy-4.1.122.Final.pom
2025-07-09 07:46:35,408 [Worker-12: Import Getting Started Content] INFO  o.e.m.c.i.e.AbstractTransferListenerAdapter - Downloading https://repo.maven.apache.org/maven2/io/netty/netty-codec-socks/4.1.122.Final/netty-codec-socks-4.1.122.Final.pom
2025-07-09 07:46:35,438 [Worker-12: Import Getting Started Content] INFO  o.e.m.c.i.e.AbstractTransferListenerAdapter - Downloaded https://repo.maven.apache.org/maven2/io/netty/netty-codec-socks/4.1.122.Final/netty-codec-socks-4.1.122.Final.pom
2025-07-09 07:46:35,485 [Worker-12: Import Getting Started Content] INFO  o.e.m.c.i.e.AbstractTransferListenerAdapter - Downloading https://repo.maven.apache.org/maven2/org/springframework/spring-webflux/6.2.8/spring-webflux-6.2.8.pom
2025-07-09 07:46:35,518 [Worker-12: Import Getting Started Content] INFO  o.e.m.c.i.e.AbstractTransferListenerAdapter - Downloaded https://repo.maven.apache.org/maven2/org/springframework/spring-webflux/6.2.8/spring-webflux-6.2.8.pom
2025-07-09 07:46:35,534 [Worker-12: Import Getting Started Content] INFO  o.e.m.c.i.e.AbstractTransferListenerAdapter - Downloading https://repo.maven.apache.org/maven2/org/springframework/boot/spring-boot-starter-thymeleaf/3.5.3/spring-boot-starter-thymeleaf-3.5.3.pom
2025-07-09 07:46:35,565 [Worker-12: Import Getting Started Content] INFO  o.e.m.c.i.e.AbstractTransferListenerAdapter - Downloaded https://repo.maven.apache.org/maven2/org/springframework/boot/spring-boot-starter-thymeleaf/3.5.3/spring-boot-starter-thymeleaf-3.5.3.pom
2025-07-09 07:46:35,577 [Worker-12: Import Getting Started Content] INFO  o.e.m.c.i.e.AbstractTransferListenerAdapter - Downloading https://repo.maven.apache.org/maven2/org/thymeleaf/thymeleaf-spring6/3.1.3.RELEASE/thymeleaf-spring6-3.1.3.RELEASE.pom
2025-07-09 07:46:35,608 [Worker-12: Import Getting Started Content] INFO  o.e.m.c.i.e.AbstractTransferListenerAdapter - Downloaded https://repo.maven.apache.org/maven2/org/thymeleaf/thymeleaf-spring6/3.1.3.RELEASE/thymeleaf-spring6-3.1.3.RELEASE.pom
2025-07-09 07:46:35,631 [Worker-12: Import Getting Started Content] INFO  o.e.m.c.i.e.AbstractTransferListenerAdapter - Downloading https://repo.maven.apache.org/maven2/org/thymeleaf/thymeleaf-lib/3.1.3.RELEASE/thymeleaf-lib-3.1.3.RELEASE.pom
2025-07-09 07:46:35,663 [Worker-12: Import Getting Started Content] INFO  o.e.m.c.i.e.AbstractTransferListenerAdapter - Downloaded https://repo.maven.apache.org/maven2/org/thymeleaf/thymeleaf-lib/3.1.3.RELEASE/thymeleaf-lib-3.1.3.RELEASE.pom
2025-07-09 07:46:35,678 [Worker-12: Import Getting Started Content] INFO  o.e.m.c.i.e.AbstractTransferListenerAdapter - Downloading https://repo.maven.apache.org/maven2/org/thymeleaf/thymeleaf-parent/3.1.3.RELEASE/thymeleaf-parent-3.1.3.RELEASE.pom
2025-07-09 07:46:35,708 [Worker-12: Import Getting Started Content] INFO  o.e.m.c.i.e.AbstractTransferListenerAdapter - Downloaded https://repo.maven.apache.org/maven2/org/thymeleaf/thymeleaf-parent/3.1.3.RELEASE/thymeleaf-parent-3.1.3.RELEASE.pom
2025-07-09 07:46:35,720 [Worker-12: Import Getting Started Content] INFO  o.e.m.c.i.e.AbstractTransferListenerAdapter - Downloading https://repo.maven.apache.org/maven2/org/springframework/spring-framework-bom/6.2.0/spring-framework-bom-6.2.0.pom
2025-07-09 07:46:35,755 [Worker-12: Import Getting Started Content] INFO  o.e.m.c.i.e.AbstractTransferListenerAdapter - Downloaded https://repo.maven.apache.org/maven2/org/springframework/spring-framework-bom/6.2.0/spring-framework-bom-6.2.0.pom
2025-07-09 07:46:35,817 [Worker-12: Import Getting Started Content] INFO  o.e.m.c.i.e.AbstractTransferListenerAdapter - Downloading https://repo.maven.apache.org/maven2/io/projectreactor/reactor-bom/2024.0.0/reactor-bom-2024.0.0.pom
2025-07-09 07:46:35,856 [Worker-12: Import Getting Started Content] INFO  o.e.m.c.i.e.AbstractTransferListenerAdapter - Downloaded https://repo.maven.apache.org/maven2/io/projectreactor/reactor-bom/2024.0.0/reactor-bom-2024.0.0.pom
2025-07-09 07:46:35,870 [Worker-12: Import Getting Started Content] INFO  o.e.m.c.i.e.AbstractTransferListenerAdapter - Downloading https://repo.maven.apache.org/maven2/org/apache/logging/log4j/log4j-bom/2.24.2/log4j-bom-2.24.2.pom
2025-07-09 07:46:35,904 [Worker-12: Import Getting Started Content] INFO  o.e.m.c.i.e.AbstractTransferListenerAdapter - Downloaded https://repo.maven.apache.org/maven2/org/apache/logging/log4j/log4j-bom/2.24.2/log4j-bom-2.24.2.pom
2025-07-09 07:46:35,919 [Worker-12: Import Getting Started Content] INFO  o.e.m.c.i.e.AbstractTransferListenerAdapter - Downloading https://repo.maven.apache.org/maven2/org/junit/junit-bom/5.11.3/junit-bom-5.11.3.pom
2025-07-09 07:46:35,949 [Worker-12: Import Getting Started Content] INFO  o.e.m.c.i.e.AbstractTransferListenerAdapter - Downloaded https://repo.maven.apache.org/maven2/org/junit/junit-bom/5.11.3/junit-bom-5.11.3.pom
2025-07-09 07:46:35,965 [Worker-12: Import Getting Started Content] INFO  o.e.m.c.i.e.AbstractTransferListenerAdapter - Downloading https://repo.maven.apache.org/maven2/org/thymeleaf/thymeleaf/3.1.3.RELEASE/thymeleaf-3.1.3.RELEASE.pom
2025-07-09 07:46:35,996 [Worker-12: Import Getting Started Content] INFO  o.e.m.c.i.e.AbstractTransferListenerAdapter - Downloaded https://repo.maven.apache.org/maven2/org/thymeleaf/thymeleaf/3.1.3.RELEASE/thymeleaf-3.1.3.RELEASE.pom
2025-07-09 07:46:36,018 [Worker-12: Import Getting Started Content] INFO  o.e.m.c.i.e.AbstractTransferListenerAdapter - Downloading https://repo.maven.apache.org/maven2/org/attoparser/attoparser/2.0.7.RELEASE/attoparser-2.0.7.RELEASE.pom
2025-07-09 07:46:36,050 [Worker-12: Import Getting Started Content] INFO  o.e.m.c.i.e.AbstractTransferListenerAdapter - Downloaded https://repo.maven.apache.org/maven2/org/attoparser/attoparser/2.0.7.RELEASE/attoparser-2.0.7.RELEASE.pom
2025-07-09 07:46:36,353 [Worker-12: Import Getting Started Content] INFO  o.e.m.c.i.e.AbstractTransferListenerAdapter - Downloading https://repo.maven.apache.org/maven2/de/codecentric/spring-boot-admin-server-ui/3.5.0/spring-boot-admin-server-ui-3.5.0.pom
2025-07-09 07:46:36,589 [Worker-12: Import Getting Started Content] INFO  o.e.m.c.i.e.AbstractTransferListenerAdapter - Downloaded https://repo.maven.apache.org/maven2/de/codecentric/spring-boot-admin-server-ui/3.5.0/spring-boot-admin-server-ui-3.5.0.pom
2025-07-09 07:46:36,603 [Worker-12: Import Getting Started Content] INFO  o.e.m.c.i.e.AbstractTransferListenerAdapter - Downloading https://repo.maven.apache.org/maven2/de/codecentric/spring-boot-admin-server-cloud/3.5.0/spring-boot-admin-server-cloud-3.5.0.pom
2025-07-09 07:46:36,839 [Worker-12: Import Getting Started Content] INFO  o.e.m.c.i.e.AbstractTransferListenerAdapter - Downloaded https://repo.maven.apache.org/maven2/de/codecentric/spring-boot-admin-server-cloud/3.5.0/spring-boot-admin-server-cloud-3.5.0.pom
2025-07-09 07:46:36,921 [AetherRepositoryConnector-repo.maven.apache.org-0-1] INFO  o.e.m.c.i.e.AbstractTransferListenerAdapter - Downloading https://repo.maven.apache.org/maven2/de/codecentric/spring-boot-admin-server/3.5.0/spring-boot-admin-server-3.5.0.jar
2025-07-09 07:46:36,940 [AetherRepositoryConnector-repo.maven.apache.org-0-3] INFO  o.e.m.c.i.e.AbstractTransferListenerAdapter - Downloading https://repo.maven.apache.org/maven2/org/springframework/boot/spring-boot-starter-reactor-netty/3.5.3/spring-boot-starter-reactor-netty-3.5.3.jar
2025-07-09 07:46:36,940 [AetherRepositoryConnector-repo.maven.apache.org-0-0] INFO  o.e.m.c.i.e.AbstractTransferListenerAdapter - Downloading https://repo.maven.apache.org/maven2/de/codecentric/spring-boot-admin-starter-server/3.5.0/spring-boot-admin-starter-server-3.5.0.jar
2025-07-09 07:46:36,940 [AetherRepositoryConnector-repo.maven.apache.org-0-2] INFO  o.e.m.c.i.e.AbstractTransferListenerAdapter - Downloading https://repo.maven.apache.org/maven2/org/springframework/boot/spring-boot-starter-webflux/3.5.3/spring-boot-starter-webflux-3.5.3.jar
2025-07-09 07:46:36,941 [AetherRepositoryConnector-repo.maven.apache.org-0-4] INFO  o.e.m.c.i.e.AbstractTransferListenerAdapter - Downloading https://repo.maven.apache.org/maven2/io/projectreactor/netty/reactor-netty-http/1.2.7/reactor-netty-http-1.2.7.jar
2025-07-09 07:46:36,986 [AetherRepositoryConnector-repo.maven.apache.org-0-1] INFO  o.e.m.c.i.e.AbstractTransferListenerAdapter - Downloaded https://repo.maven.apache.org/maven2/de/codecentric/spring-boot-admin-server/3.5.0/spring-boot-admin-server-3.5.0.jar
2025-07-09 07:46:36,998 [AetherRepositoryConnector-repo.maven.apache.org-0-1] INFO  o.e.m.c.i.e.AbstractTransferListenerAdapter - Downloading https://repo.maven.apache.org/maven2/io/netty/netty-codec-http/4.1.122.Final/netty-codec-http-4.1.122.Final.jar
2025-07-09 07:46:37,004 [AetherRepositoryConnector-repo.maven.apache.org-0-4] INFO  o.e.m.c.i.e.AbstractTransferListenerAdapter - Downloaded https://repo.maven.apache.org/maven2/io/projectreactor/netty/reactor-netty-http/1.2.7/reactor-netty-http-1.2.7.jar
2025-07-09 07:46:37,008 [AetherRepositoryConnector-repo.maven.apache.org-0-3] INFO  o.e.m.c.i.e.AbstractTransferListenerAdapter - Downloaded https://repo.maven.apache.org/maven2/org/springframework/boot/spring-boot-starter-reactor-netty/3.5.3/spring-boot-starter-reactor-netty-3.5.3.jar
2025-07-09 07:46:37,008 [AetherRepositoryConnector-repo.maven.apache.org-0-2] INFO  o.e.m.c.i.e.AbstractTransferListenerAdapter - Downloaded https://repo.maven.apache.org/maven2/org/springframework/boot/spring-boot-starter-webflux/3.5.3/spring-boot-starter-webflux-3.5.3.jar
2025-07-09 07:46:37,015 [AetherRepositoryConnector-repo.maven.apache.org-0-4] INFO  o.e.m.c.i.e.AbstractTransferListenerAdapter - Downloading https://repo.maven.apache.org/maven2/io/netty/netty-common/4.1.122.Final/netty-common-4.1.122.Final.jar
2025-07-09 07:46:37,037 [AetherRepositoryConnector-repo.maven.apache.org-0-3] INFO  o.e.m.c.i.e.AbstractTransferListenerAdapter - Downloading https://repo.maven.apache.org/maven2/io/netty/netty-buffer/4.1.122.Final/netty-buffer-4.1.122.Final.jar
2025-07-09 07:46:37,038 [AetherRepositoryConnector-repo.maven.apache.org-0-2] INFO  o.e.m.c.i.e.AbstractTransferListenerAdapter - Downloading https://repo.maven.apache.org/maven2/io/netty/netty-transport/4.1.122.Final/netty-transport-4.1.122.Final.jar
2025-07-09 07:46:37,058 [AetherRepositoryConnector-repo.maven.apache.org-0-0] INFO  o.e.m.c.i.e.AbstractTransferListenerAdapter - Downloaded https://repo.maven.apache.org/maven2/de/codecentric/spring-boot-admin-starter-server/3.5.0/spring-boot-admin-starter-server-3.5.0.jar
2025-07-09 07:46:37,058 [AetherRepositoryConnector-repo.maven.apache.org-0-1] INFO  o.e.m.c.i.e.AbstractTransferListenerAdapter - Downloaded https://repo.maven.apache.org/maven2/io/netty/netty-codec-http/4.1.122.Final/netty-codec-http-4.1.122.Final.jar
2025-07-09 07:46:37,070 [AetherRepositoryConnector-repo.maven.apache.org-0-1] INFO  o.e.m.c.i.e.AbstractTransferListenerAdapter - Downloading https://repo.maven.apache.org/maven2/io/netty/netty-codec/4.1.122.Final/netty-codec-4.1.122.Final.jar
2025-07-09 07:46:37,076 [AetherRepositoryConnector-repo.maven.apache.org-0-4] INFO  o.e.m.c.i.e.AbstractTransferListenerAdapter - Downloaded https://repo.maven.apache.org/maven2/io/netty/netty-common/4.1.122.Final/netty-common-4.1.122.Final.jar
2025-07-09 07:46:37,081 [AetherRepositoryConnector-repo.maven.apache.org-0-0] INFO  o.e.m.c.i.e.AbstractTransferListenerAdapter - Downloading https://repo.maven.apache.org/maven2/io/netty/netty-handler/4.1.122.Final/netty-handler-4.1.122.Final.jar
2025-07-09 07:46:37,088 [AetherRepositoryConnector-repo.maven.apache.org-0-2] INFO  o.e.m.c.i.e.AbstractTransferListenerAdapter - Downloaded https://repo.maven.apache.org/maven2/io/netty/netty-transport/4.1.122.Final/netty-transport-4.1.122.Final.jar
2025-07-09 07:46:37,097 [AetherRepositoryConnector-repo.maven.apache.org-0-3] INFO  o.e.m.c.i.e.AbstractTransferListenerAdapter - Downloaded https://repo.maven.apache.org/maven2/io/netty/netty-buffer/4.1.122.Final/netty-buffer-4.1.122.Final.jar
2025-07-09 07:46:37,220 [AetherRepositoryConnector-repo.maven.apache.org-0-4] INFO  o.e.m.c.i.e.AbstractTransferListenerAdapter - Downloading https://repo.maven.apache.org/maven2/io/netty/netty-codec-http2/4.1.122.Final/netty-codec-http2-4.1.122.Final.jar
2025-07-09 07:46:37,302 [AetherRepositoryConnector-repo.maven.apache.org-0-2] INFO  o.e.m.c.i.e.AbstractTransferListenerAdapter - Downloading https://repo.maven.apache.org/maven2/io/netty/netty-resolver-dns/4.1.122.Final/netty-resolver-dns-4.1.122.Final.jar
2025-07-09 07:46:37,331 [AetherRepositoryConnector-repo.maven.apache.org-0-3] INFO  o.e.m.c.i.e.AbstractTransferListenerAdapter - Downloading https://repo.maven.apache.org/maven2/io/netty/netty-resolver/4.1.122.Final/netty-resolver-4.1.122.Final.jar
2025-07-09 07:46:37,348 [AetherRepositoryConnector-repo.maven.apache.org-0-0] INFO  o.e.m.c.i.e.AbstractTransferListenerAdapter - Downloaded https://repo.maven.apache.org/maven2/io/netty/netty-handler/4.1.122.Final/netty-handler-4.1.122.Final.jar
2025-07-09 07:46:37,348 [AetherRepositoryConnector-repo.maven.apache.org-0-1] INFO  o.e.m.c.i.e.AbstractTransferListenerAdapter - Downloaded https://repo.maven.apache.org/maven2/io/netty/netty-codec/4.1.122.Final/netty-codec-4.1.122.Final.jar
2025-07-09 07:46:37,348 [AetherRepositoryConnector-repo.maven.apache.org-0-4] INFO  o.e.m.c.i.e.AbstractTransferListenerAdapter - Downloaded https://repo.maven.apache.org/maven2/io/netty/netty-codec-http2/4.1.122.Final/netty-codec-http2-4.1.122.Final.jar
2025-07-09 07:46:37,357 [AetherRepositoryConnector-repo.maven.apache.org-0-4] INFO  o.e.m.c.i.e.AbstractTransferListenerAdapter - Downloading https://repo.maven.apache.org/maven2/io/netty/netty-resolver-dns-native-macos/4.1.122.Final/netty-resolver-dns-native-macos-4.1.122.Final-osx-x86_64.jar
2025-07-09 07:46:37,364 [AetherRepositoryConnector-repo.maven.apache.org-0-0] INFO  o.e.m.c.i.e.AbstractTransferListenerAdapter - Downloading https://repo.maven.apache.org/maven2/io/netty/netty-resolver-dns-classes-macos/4.1.122.Final/netty-resolver-dns-classes-macos-4.1.122.Final.jar
2025-07-09 07:46:37,366 [AetherRepositoryConnector-repo.maven.apache.org-0-1] INFO  o.e.m.c.i.e.AbstractTransferListenerAdapter - Downloading https://repo.maven.apache.org/maven2/io/netty/netty-codec-dns/4.1.122.Final/netty-codec-dns-4.1.122.Final.jar
2025-07-09 07:46:37,391 [AetherRepositoryConnector-repo.maven.apache.org-0-2] INFO  o.e.m.c.i.e.AbstractTransferListenerAdapter - Downloaded https://repo.maven.apache.org/maven2/io/netty/netty-resolver-dns/4.1.122.Final/netty-resolver-dns-4.1.122.Final.jar
2025-07-09 07:46:37,400 [AetherRepositoryConnector-repo.maven.apache.org-0-2] INFO  o.e.m.c.i.e.AbstractTransferListenerAdapter - Downloading https://repo.maven.apache.org/maven2/io/netty/netty-transport-native-epoll/4.1.122.Final/netty-transport-native-epoll-4.1.122.Final-linux-x86_64.jar
2025-07-09 07:46:37,419 [AetherRepositoryConnector-repo.maven.apache.org-0-1] INFO  o.e.m.c.i.e.AbstractTransferListenerAdapter - Downloaded https://repo.maven.apache.org/maven2/io/netty/netty-codec-dns/4.1.122.Final/netty-codec-dns-4.1.122.Final.jar
2025-07-09 07:46:37,427 [AetherRepositoryConnector-repo.maven.apache.org-0-1] INFO  o.e.m.c.i.e.AbstractTransferListenerAdapter - Downloading https://repo.maven.apache.org/maven2/io/netty/netty-transport-native-unix-common/4.1.122.Final/netty-transport-native-unix-common-4.1.122.Final.jar
2025-07-09 07:46:37,446 [AetherRepositoryConnector-repo.maven.apache.org-0-4] INFO  o.e.m.c.i.e.AbstractTransferListenerAdapter - Downloaded https://repo.maven.apache.org/maven2/io/netty/netty-resolver-dns-native-macos/4.1.122.Final/netty-resolver-dns-native-macos-4.1.122.Final-osx-x86_64.jar
2025-07-09 07:46:37,472 [AetherRepositoryConnector-repo.maven.apache.org-0-4] INFO  o.e.m.c.i.e.AbstractTransferListenerAdapter - Downloading https://repo.maven.apache.org/maven2/io/netty/netty-transport-classes-epoll/4.1.122.Final/netty-transport-classes-epoll-4.1.122.Final.jar
2025-07-09 07:46:37,475 [AetherRepositoryConnector-repo.maven.apache.org-0-0] INFO  o.e.m.c.i.e.AbstractTransferListenerAdapter - Downloaded https://repo.maven.apache.org/maven2/io/netty/netty-resolver-dns-classes-macos/4.1.122.Final/netty-resolver-dns-classes-macos-4.1.122.Final.jar
2025-07-09 07:46:37,487 [AetherRepositoryConnector-repo.maven.apache.org-0-0] INFO  o.e.m.c.i.e.AbstractTransferListenerAdapter - Downloading https://repo.maven.apache.org/maven2/io/projectreactor/netty/reactor-netty-core/1.2.7/reactor-netty-core-1.2.7.jar
2025-07-09 07:46:37,548 [AetherRepositoryConnector-repo.maven.apache.org-0-4] INFO  o.e.m.c.i.e.AbstractTransferListenerAdapter - Downloaded https://repo.maven.apache.org/maven2/io/netty/netty-transport-classes-epoll/4.1.122.Final/netty-transport-classes-epoll-4.1.122.Final.jar
2025-07-09 07:46:37,548 [AetherRepositoryConnector-repo.maven.apache.org-0-2] INFO  o.e.m.c.i.e.AbstractTransferListenerAdapter - Downloaded https://repo.maven.apache.org/maven2/io/netty/netty-transport-native-epoll/4.1.122.Final/netty-transport-native-epoll-4.1.122.Final-linux-x86_64.jar
2025-07-09 07:46:37,558 [AetherRepositoryConnector-repo.maven.apache.org-0-2] INFO  o.e.m.c.i.e.AbstractTransferListenerAdapter - Downloading https://repo.maven.apache.org/maven2/io/netty/netty-handler-proxy/4.1.122.Final/netty-handler-proxy-4.1.122.Final.jar
2025-07-09 07:46:37,563 [AetherRepositoryConnector-repo.maven.apache.org-0-4] INFO  o.e.m.c.i.e.AbstractTransferListenerAdapter - Downloading https://repo.maven.apache.org/maven2/io/netty/netty-codec-socks/4.1.122.Final/netty-codec-socks-4.1.122.Final.jar
2025-07-09 07:46:37,590 [AetherRepositoryConnector-repo.maven.apache.org-0-0] INFO  o.e.m.c.i.e.AbstractTransferListenerAdapter - Downloaded https://repo.maven.apache.org/maven2/io/projectreactor/netty/reactor-netty-core/1.2.7/reactor-netty-core-1.2.7.jar
2025-07-09 07:46:37,601 [AetherRepositoryConnector-repo.maven.apache.org-0-0] INFO  o.e.m.c.i.e.AbstractTransferListenerAdapter - Downloading https://repo.maven.apache.org/maven2/org/springframework/spring-webflux/6.2.8/spring-webflux-6.2.8.jar
2025-07-09 07:46:37,732 [AetherRepositoryConnector-repo.maven.apache.org-0-3] INFO  o.e.m.c.i.e.AbstractTransferListenerAdapter - Downloaded https://repo.maven.apache.org/maven2/io/netty/netty-resolver/4.1.122.Final/netty-resolver-4.1.122.Final.jar
2025-07-09 07:46:37,732 [AetherRepositoryConnector-repo.maven.apache.org-0-4] INFO  o.e.m.c.i.e.AbstractTransferListenerAdapter - Downloaded https://repo.maven.apache.org/maven2/io/netty/netty-codec-socks/4.1.122.Final/netty-codec-socks-4.1.122.Final.jar
2025-07-09 07:46:37,732 [AetherRepositoryConnector-repo.maven.apache.org-0-1] INFO  o.e.m.c.i.e.AbstractTransferListenerAdapter - Downloaded https://repo.maven.apache.org/maven2/io/netty/netty-transport-native-unix-common/4.1.122.Final/netty-transport-native-unix-common-4.1.122.Final.jar
2025-07-09 07:46:37,732 [AetherRepositoryConnector-repo.maven.apache.org-0-2] INFO  o.e.m.c.i.e.AbstractTransferListenerAdapter - Downloaded https://repo.maven.apache.org/maven2/io/netty/netty-handler-proxy/4.1.122.Final/netty-handler-proxy-4.1.122.Final.jar
2025-07-09 07:46:37,741 [AetherRepositoryConnector-repo.maven.apache.org-0-4] INFO  o.e.m.c.i.e.AbstractTransferListenerAdapter - Downloading https://repo.maven.apache.org/maven2/org/springframework/boot/spring-boot-starter-thymeleaf/3.5.3/spring-boot-starter-thymeleaf-3.5.3.jar
2025-07-09 07:46:37,747 [AetherRepositoryConnector-repo.maven.apache.org-0-2] INFO  o.e.m.c.i.e.AbstractTransferListenerAdapter - Downloading https://repo.maven.apache.org/maven2/org/attoparser/attoparser/2.0.7.RELEASE/attoparser-2.0.7.RELEASE.jar
2025-07-09 07:46:37,775 [AetherRepositoryConnector-repo.maven.apache.org-0-1] INFO  o.e.m.c.i.e.AbstractTransferListenerAdapter - Downloading https://repo.maven.apache.org/maven2/org/thymeleaf/thymeleaf-spring6/3.1.3.RELEASE/thymeleaf-spring6-3.1.3.RELEASE.jar
2025-07-09 07:46:37,805 [AetherRepositoryConnector-repo.maven.apache.org-0-0] INFO  o.e.m.c.i.e.AbstractTransferListenerAdapter - Downloaded https://repo.maven.apache.org/maven2/org/springframework/spring-webflux/6.2.8/spring-webflux-6.2.8.jar
2025-07-09 07:46:37,816 [AetherRepositoryConnector-repo.maven.apache.org-0-3] INFO  o.e.m.c.i.e.AbstractTransferListenerAdapter - Downloading https://repo.maven.apache.org/maven2/org/thymeleaf/thymeleaf/3.1.3.RELEASE/thymeleaf-3.1.3.RELEASE.jar
2025-07-09 07:46:37,995 [AetherRepositoryConnector-repo.maven.apache.org-0-0] INFO  o.e.m.c.i.e.AbstractTransferListenerAdapter - Downloading https://repo.maven.apache.org/maven2/de/codecentric/spring-boot-admin-server-ui/3.5.0/spring-boot-admin-server-ui-3.5.0.jar
2025-07-09 07:46:38,018 [AetherRepositoryConnector-repo.maven.apache.org-0-4] INFO  o.e.m.c.i.e.AbstractTransferListenerAdapter - Downloaded https://repo.maven.apache.org/maven2/org/springframework/boot/spring-boot-starter-thymeleaf/3.5.3/spring-boot-starter-thymeleaf-3.5.3.jar
2025-07-09 07:46:38,293 [AetherRepositoryConnector-repo.maven.apache.org-0-2] INFO  o.e.m.c.i.e.AbstractTransferListenerAdapter - Downloaded https://repo.maven.apache.org/maven2/org/attoparser/attoparser/2.0.7.RELEASE/attoparser-2.0.7.RELEASE.jar
2025-07-09 07:46:38,413 [AetherRepositoryConnector-repo.maven.apache.org-0-1] INFO  o.e.m.c.i.e.AbstractTransferListenerAdapter - Downloaded https://repo.maven.apache.org/maven2/org/thymeleaf/thymeleaf-spring6/3.1.3.RELEASE/thymeleaf-spring6-3.1.3.RELEASE.jar
2025-07-09 07:46:38,627 [AetherRepositoryConnector-repo.maven.apache.org-0-4] INFO  o.e.m.c.i.e.AbstractTransferListenerAdapter - Downloading https://repo.maven.apache.org/maven2/de/codecentric/spring-boot-admin-server-cloud/3.5.0/spring-boot-admin-server-cloud-3.5.0.jar
2025-07-09 07:46:38,648 [AetherRepositoryConnector-repo.maven.apache.org-0-3] INFO  o.e.m.c.i.e.AbstractTransferListenerAdapter - Downloaded https://repo.maven.apache.org/maven2/org/thymeleaf/thymeleaf/3.1.3.RELEASE/thymeleaf-3.1.3.RELEASE.jar
2025-07-09 07:46:38,695 [AetherRepositoryConnector-repo.maven.apache.org-0-0] INFO  o.e.m.c.i.e.AbstractTransferListenerAdapter - Downloaded https://repo.maven.apache.org/maven2/de/codecentric/spring-boot-admin-server-ui/3.5.0/spring-boot-admin-server-ui-3.5.0.jar
2025-07-09 07:46:38,785 [AetherRepositoryConnector-repo.maven.apache.org-0-4] INFO  o.e.m.c.i.e.AbstractTransferListenerAdapter - Downloaded https://repo.maven.apache.org/maven2/de/codecentric/spring-boot-admin-server-cloud/3.5.0/spring-boot-admin-server-cloud-3.5.0.jar
2025-07-09 07:46:42,018 [Worker-12: Import Getting Started Content] INFO  o.e.m.c.i.l.LifecycleMappingFactory - Using org.eclipse.m2e.jdt.JarLifecycleMapping lifecycle mapping for MavenProject: com.thetiebar:01_Discovery_Server:0.0.1-SNAPSHOT @ C:\Pravin\TheTileBar\01_Discovery_Server\pom.xml.
2025-07-09 07:46:42,618 [Worker-12: Import Getting Started Content] INFO  o.e.m.c.i.l.LifecycleMappingFactory - Using org.eclipse.m2e.jdt.JarLifecycleMapping lifecycle mapping for MavenProject: com.thetiebar:05-Product_Service:0.0.1-SNAPSHOT @ C:\Pravin\TheTileBar\05-Product_Service\pom.xml.
2025-07-09 07:46:45,463 [Worker-12: Import Getting Started Content] INFO  o.e.m.j.i.AbstractJavaProjectConfigurator - Adding source folder /02-Admin_Server/src/main/java
2025-07-09 07:46:45,468 [Worker-12: Import Getting Started Content] INFO  o.e.m.j.i.AbstractJavaProjectConfigurator - Adding resource folder /02-Admin_Server/src/main/resources
2025-07-09 07:46:45,476 [Worker-12: Import Getting Started Content] INFO  o.e.m.j.i.AbstractJavaProjectConfigurator - Adding resource folder /02-Admin_Server/src/main/resources
2025-07-09 07:46:45,487 [Worker-12: Import Getting Started Content] INFO  o.e.m.j.i.AbstractJavaProjectConfigurator - Adding source folder /02-Admin_Server/src/test/java
2025-07-09 07:46:45,874 [Worker-20: Download sources and javadoc] INFO  o.e.m.c.i.e.AbstractTransferListenerAdapter - Downloaded https://repo.maven.apache.org/maven2/de/codecentric/spring-boot-admin-starter-server/3.5.0/spring-boot-admin-starter-server-3.5.0-sources.jar
2025-07-09 07:46:45,882 [Worker-20: Download sources and javadoc] ERROR o.e.m.j.internal.DownloadSourcesJob - Could not download sources for de.codecentric:spring-boot-admin-starter-server:3.5.0
org.eclipse.core.runtime.CoreException: Could not resolve artifact de.codecentric:spring-boot-admin-starter-server:jar:sources:3.5.0
	at org.eclipse.m2e.core.internal.embedder.MavenImpl.lambda$6(MavenImpl.java:587)
	at org.eclipse.m2e.core.internal.embedder.MavenExecutionContext.executeBare(MavenExecutionContext.java:364)
	at org.eclipse.m2e.core.internal.embedder.MavenExecutionContext.execute(MavenExecutionContext.java:227)
	at org.eclipse.m2e.core.internal.embedder.MavenExecutionContext.execute(MavenExecutionContext.java:213)
	at org.eclipse.m2e.core.internal.embedder.MavenImpl.resolve(MavenImpl.java:556)
	at org.eclipse.m2e.core.internal.embedder.MavenImpl.resolve(MavenImpl.java:541)
	at org.eclipse.m2e.jdt.internal.DownloadSourcesJob.download(DownloadSourcesJob.java:308)
	at org.eclipse.m2e.jdt.internal.DownloadSourcesJob.downloadAttachments(DownloadSourcesJob.java:282)
	at org.eclipse.m2e.jdt.internal.DownloadSourcesJob.downloadMaven(DownloadSourcesJob.java:252)
	at org.eclipse.m2e.jdt.internal.DownloadSourcesJob.downloadFilesAndPopulateToUpdate(DownloadSourcesJob.java:220)
	at org.eclipse.m2e.jdt.internal.DownloadSourcesJob.lambda$0(DownloadSourcesJob.java:149)
	at org.eclipse.m2e.core.internal.embedder.MavenExecutionContext.executeBare(MavenExecutionContext.java:364)
	at org.eclipse.m2e.core.internal.embedder.MavenExecutionContext.execute(MavenExecutionContext.java:274)
	at org.eclipse.m2e.core.internal.embedder.MavenExecutionContext.execute(MavenExecutionContext.java:213)
	at org.eclipse.m2e.core.embedder.IMaven.execute(IMaven.java:294)
	at org.eclipse.m2e.jdt.internal.DownloadSourcesJob.run(DownloadSourcesJob.java:149)
	at org.eclipse.core.internal.jobs.Worker.run(Worker.java:63)
2025-07-09 07:46:45,932 [Worker-20: Download sources and javadoc] INFO  o.e.m.c.i.e.AbstractTransferListenerAdapter - Downloading https://repo.maven.apache.org/maven2/de/codecentric/spring-boot-admin-server/3.5.0/spring-boot-admin-server-3.5.0-sources.jar
2025-07-09 07:46:46,187 [Worker-20: Download sources and javadoc] INFO  o.e.m.c.i.e.AbstractTransferListenerAdapter - Downloaded https://repo.maven.apache.org/maven2/de/codecentric/spring-boot-admin-server/3.5.0/spring-boot-admin-server-3.5.0-sources.jar
2025-07-09 07:46:46,191 [Worker-20: Download sources and javadoc] INFO  o.e.m.j.internal.DownloadSourcesJob - Downloaded sources for de.codecentric:spring-boot-admin-server:3.5.0
2025-07-09 07:46:46,236 [Worker-20: Download sources and javadoc] INFO  o.e.m.c.i.e.AbstractTransferListenerAdapter - Downloading https://repo.maven.apache.org/maven2/org/springframework/boot/spring-boot-starter-webflux/3.5.3/spring-boot-starter-webflux-3.5.3-sources.jar
2025-07-09 07:46:46,255 [Worker-20: Download sources and javadoc] INFO  o.e.m.c.i.e.AbstractTransferListenerAdapter - Downloaded https://repo.maven.apache.org/maven2/org/springframework/boot/spring-boot-starter-webflux/3.5.3/spring-boot-starter-webflux-3.5.3-sources.jar
2025-07-09 07:46:46,257 [Worker-20: Download sources and javadoc] INFO  o.e.m.j.internal.DownloadSourcesJob - Downloaded sources for org.springframework.boot:spring-boot-starter-webflux:3.5.3
2025-07-09 07:46:46,313 [Worker-20: Download sources and javadoc] INFO  o.e.m.c.i.e.AbstractTransferListenerAdapter - Downloading https://repo.maven.apache.org/maven2/org/springframework/boot/spring-boot-starter-reactor-netty/3.5.3/spring-boot-starter-reactor-netty-3.5.3-sources.jar
2025-07-09 07:46:46,357 [Worker-20: Download sources and javadoc] INFO  o.e.m.c.i.e.AbstractTransferListenerAdapter - Downloaded https://repo.maven.apache.org/maven2/org/springframework/boot/spring-boot-starter-reactor-netty/3.5.3/spring-boot-starter-reactor-netty-3.5.3-sources.jar
2025-07-09 07:46:46,360 [Worker-20: Download sources and javadoc] INFO  o.e.m.j.internal.DownloadSourcesJob - Downloaded sources for org.springframework.boot:spring-boot-starter-reactor-netty:3.5.3
2025-07-09 07:46:46,406 [Worker-20: Download sources and javadoc] INFO  o.e.m.c.i.e.AbstractTransferListenerAdapter - Downloading https://repo.maven.apache.org/maven2/io/projectreactor/netty/reactor-netty-http/1.2.7/reactor-netty-http-1.2.7-sources.jar
2025-07-09 07:46:46,469 [Worker-20: Download sources and javadoc] INFO  o.e.m.c.i.e.AbstractTransferListenerAdapter - Downloaded https://repo.maven.apache.org/maven2/io/projectreactor/netty/reactor-netty-http/1.2.7/reactor-netty-http-1.2.7-sources.jar
2025-07-09 07:46:46,472 [Worker-20: Download sources and javadoc] INFO  o.e.m.j.internal.DownloadSourcesJob - Downloaded sources for io.projectreactor.netty:reactor-netty-http:1.2.7
2025-07-09 07:46:46,522 [Worker-20: Download sources and javadoc] INFO  o.e.m.c.i.e.AbstractTransferListenerAdapter - Downloading https://repo.maven.apache.org/maven2/io/netty/netty-codec-http/4.1.122.Final/netty-codec-http-4.1.122.Final-sources.jar
2025-07-09 07:46:46,602 [Worker-20: Download sources and javadoc] INFO  o.e.m.c.i.e.AbstractTransferListenerAdapter - Downloaded https://repo.maven.apache.org/maven2/io/netty/netty-codec-http/4.1.122.Final/netty-codec-http-4.1.122.Final-sources.jar
2025-07-09 07:46:46,606 [Worker-20: Download sources and javadoc] INFO  o.e.m.j.internal.DownloadSourcesJob - Downloaded sources for io.netty:netty-codec-http:4.1.122.Final
2025-07-09 07:46:46,653 [Worker-20: Download sources and javadoc] INFO  o.e.m.c.i.e.AbstractTransferListenerAdapter - Downloading https://repo.maven.apache.org/maven2/io/netty/netty-common/4.1.122.Final/netty-common-4.1.122.Final-sources.jar
2025-07-09 07:46:46,737 [Worker-20: Download sources and javadoc] INFO  o.e.m.c.i.e.AbstractTransferListenerAdapter - Downloaded https://repo.maven.apache.org/maven2/io/netty/netty-common/4.1.122.Final/netty-common-4.1.122.Final-sources.jar
2025-07-09 07:46:46,740 [Worker-20: Download sources and javadoc] INFO  o.e.m.j.internal.DownloadSourcesJob - Downloaded sources for io.netty:netty-common:4.1.122.Final
2025-07-09 07:46:46,785 [Worker-20: Download sources and javadoc] INFO  o.e.m.c.i.e.AbstractTransferListenerAdapter - Downloading https://repo.maven.apache.org/maven2/io/netty/netty-buffer/4.1.122.Final/netty-buffer-4.1.122.Final-sources.jar
2025-07-09 07:46:46,843 [Worker-20: Download sources and javadoc] INFO  o.e.m.c.i.e.AbstractTransferListenerAdapter - Downloaded https://repo.maven.apache.org/maven2/io/netty/netty-buffer/4.1.122.Final/netty-buffer-4.1.122.Final-sources.jar
2025-07-09 07:46:46,847 [Worker-20: Download sources and javadoc] INFO  o.e.m.j.internal.DownloadSourcesJob - Downloaded sources for io.netty:netty-buffer:4.1.122.Final
2025-07-09 07:46:46,881 [Worker-12: Import Getting Started Content] INFO  o.e.m.c.i.p.ProjectConfigurationManager - Imported and configured 1 project(s) in 15 sec
2025-07-09 07:46:46,884 [Worker-12: Import Getting Started Content] INFO  o.e.m.c.i.p.ProjectConfigurationManager - Update started
2025-07-09 07:46:46,896 [Worker-20: Download sources and javadoc] INFO  o.e.m.c.i.e.AbstractTransferListenerAdapter - Downloading https://repo.maven.apache.org/maven2/io/netty/netty-transport/4.1.122.Final/netty-transport-4.1.122.Final-sources.jar
2025-07-09 07:46:46,968 [Worker-20: Download sources and javadoc] INFO  o.e.m.c.i.e.AbstractTransferListenerAdapter - Downloaded https://repo.maven.apache.org/maven2/io/netty/netty-transport/4.1.122.Final/netty-transport-4.1.122.Final-sources.jar
2025-07-09 07:46:46,973 [Worker-20: Download sources and javadoc] INFO  o.e.m.j.internal.DownloadSourcesJob - Downloaded sources for io.netty:netty-transport:4.1.122.Final
2025-07-09 07:46:47,383 [Worker-12: Import Getting Started Content] INFO  o.e.m.c.i.l.LifecycleMappingFactory - Using org.eclipse.m2e.jdt.JarLifecycleMapping lifecycle mapping for MavenProject: com.thetiebar:02-Admin_Server:0.0.1-SNAPSHOT @ C:\Pravin\TheTileBar\02-Admin_Server\pom.xml.
2025-07-09 07:46:47,388 [Worker-20: Download sources and javadoc] INFO  o.e.m.c.i.e.AbstractTransferListenerAdapter - Downloading https://repo.maven.apache.org/maven2/io/netty/netty-codec/4.1.122.Final/netty-codec-4.1.122.Final-sources.jar
2025-07-09 07:46:47,477 [Worker-20: Download sources and javadoc] INFO  o.e.m.c.i.e.AbstractTransferListenerAdapter - Downloaded https://repo.maven.apache.org/maven2/io/netty/netty-codec/4.1.122.Final/netty-codec-4.1.122.Final-sources.jar
2025-07-09 07:46:47,483 [Worker-20: Download sources and javadoc] INFO  o.e.m.j.internal.DownloadSourcesJob - Downloaded sources for io.netty:netty-codec:4.1.122.Final
2025-07-09 07:46:47,546 [Worker-20: Download sources and javadoc] INFO  o.e.m.c.i.e.AbstractTransferListenerAdapter - Downloading https://repo.maven.apache.org/maven2/io/netty/netty-handler/4.1.122.Final/netty-handler-4.1.122.Final-sources.jar
2025-07-09 07:46:47,650 [Worker-20: Download sources and javadoc] INFO  o.e.m.c.i.e.AbstractTransferListenerAdapter - Downloaded https://repo.maven.apache.org/maven2/io/netty/netty-handler/4.1.122.Final/netty-handler-4.1.122.Final-sources.jar
2025-07-09 07:46:47,655 [Worker-20: Download sources and javadoc] INFO  o.e.m.j.internal.DownloadSourcesJob - Downloaded sources for io.netty:netty-handler:4.1.122.Final
2025-07-09 07:46:47,724 [Worker-20: Download sources and javadoc] INFO  o.e.m.c.i.e.AbstractTransferListenerAdapter - Downloading https://repo.maven.apache.org/maven2/io/netty/netty-codec-http2/4.1.122.Final/netty-codec-http2-4.1.122.Final-sources.jar
2025-07-09 07:46:47,806 [Worker-20: Download sources and javadoc] INFO  o.e.m.c.i.e.AbstractTransferListenerAdapter - Downloaded https://repo.maven.apache.org/maven2/io/netty/netty-codec-http2/4.1.122.Final/netty-codec-http2-4.1.122.Final-sources.jar
2025-07-09 07:46:47,810 [Worker-20: Download sources and javadoc] INFO  o.e.m.j.internal.DownloadSourcesJob - Downloaded sources for io.netty:netty-codec-http2:4.1.122.Final
2025-07-09 07:46:47,865 [Worker-20: Download sources and javadoc] INFO  o.e.m.c.i.e.AbstractTransferListenerAdapter - Downloading https://repo.maven.apache.org/maven2/io/netty/netty-resolver-dns/4.1.122.Final/netty-resolver-dns-4.1.122.Final-sources.jar
2025-07-09 07:46:47,922 [Worker-20: Download sources and javadoc] INFO  o.e.m.c.i.e.AbstractTransferListenerAdapter - Downloaded https://repo.maven.apache.org/maven2/io/netty/netty-resolver-dns/4.1.122.Final/netty-resolver-dns-4.1.122.Final-sources.jar
2025-07-09 07:46:47,926 [Worker-20: Download sources and javadoc] INFO  o.e.m.j.internal.DownloadSourcesJob - Downloaded sources for io.netty:netty-resolver-dns:4.1.122.Final
2025-07-09 07:46:47,968 [Worker-20: Download sources and javadoc] INFO  o.e.m.c.i.e.AbstractTransferListenerAdapter - Downloading https://repo.maven.apache.org/maven2/io/netty/netty-resolver/4.1.122.Final/netty-resolver-4.1.122.Final-sources.jar
2025-07-09 07:46:48,047 [Worker-12: Import Getting Started Content] INFO  o.e.m.j.i.AbstractJavaProjectConfigurator - Adding source folder /02-Admin_Server/src/main/java
2025-07-09 07:46:48,047 [Worker-12: Import Getting Started Content] INFO  o.e.m.j.i.AbstractJavaProjectConfigurator - Adding resource folder /02-Admin_Server/src/main/resources
2025-07-09 07:46:48,047 [Worker-12: Import Getting Started Content] INFO  o.e.m.j.i.AbstractJavaProjectConfigurator - Adding resource folder /02-Admin_Server/src/main/resources
2025-07-09 07:46:48,048 [Worker-12: Import Getting Started Content] INFO  o.e.m.j.i.AbstractJavaProjectConfigurator - Adding source folder /02-Admin_Server/src/test/java
2025-07-09 07:46:48,200 [Worker-20: Download sources and javadoc] INFO  o.e.m.c.i.e.AbstractTransferListenerAdapter - Downloaded https://repo.maven.apache.org/maven2/io/netty/netty-resolver/4.1.122.Final/netty-resolver-4.1.122.Final-sources.jar
2025-07-09 07:46:48,203 [Worker-20: Download sources and javadoc] INFO  o.e.m.j.internal.DownloadSourcesJob - Downloaded sources for io.netty:netty-resolver:4.1.122.Final
2025-07-09 07:46:48,266 [Worker-20: Download sources and javadoc] INFO  o.e.m.c.i.e.AbstractTransferListenerAdapter - Downloading https://repo.maven.apache.org/maven2/io/netty/netty-codec-dns/4.1.122.Final/netty-codec-dns-4.1.122.Final-sources.jar
2025-07-09 07:46:48,314 [Worker-20: Download sources and javadoc] INFO  o.e.m.c.i.e.AbstractTransferListenerAdapter - Downloaded https://repo.maven.apache.org/maven2/io/netty/netty-codec-dns/4.1.122.Final/netty-codec-dns-4.1.122.Final-sources.jar
2025-07-09 07:46:48,317 [Worker-20: Download sources and javadoc] INFO  o.e.m.j.internal.DownloadSourcesJob - Downloaded sources for io.netty:netty-codec-dns:4.1.122.Final
2025-07-09 07:46:48,375 [Worker-20: Download sources and javadoc] INFO  o.e.m.c.i.e.AbstractTransferListenerAdapter - Downloading https://repo.maven.apache.org/maven2/io/netty/netty-resolver-dns-native-macos/4.1.122.Final/netty-resolver-dns-native-macos-4.1.122.Final-sources.jar
2025-07-09 07:46:48,496 [Worker-20: Download sources and javadoc] INFO  o.e.m.c.i.e.AbstractTransferListenerAdapter - Downloaded https://repo.maven.apache.org/maven2/io/netty/netty-resolver-dns-native-macos/4.1.122.Final/netty-resolver-dns-native-macos-4.1.122.Final-sources.jar
2025-07-09 07:46:48,500 [Worker-20: Download sources and javadoc] INFO  o.e.m.j.internal.DownloadSourcesJob - Downloaded sources for io.netty:netty-resolver-dns-native-macos:4.1.122.Finalosx-x86_64
2025-07-09 07:46:48,554 [Worker-20: Download sources and javadoc] INFO  o.e.m.c.i.e.AbstractTransferListenerAdapter - Downloading https://repo.maven.apache.org/maven2/io/netty/netty-resolver-dns-classes-macos/4.1.122.Final/netty-resolver-dns-classes-macos-4.1.122.Final-sources.jar
2025-07-09 07:46:48,614 [Worker-12: Import Getting Started Content] INFO  o.e.m.c.i.p.ProjectConfigurationManager - Update completed for 1 poms: local refresh takes 0.00 sec, refresh facades takes 1.00 sec, update config takes 0.00 sec 
2025-07-09 07:46:48,719 [Worker-20: Download sources and javadoc] INFO  o.e.m.c.i.e.AbstractTransferListenerAdapter - Downloaded https://repo.maven.apache.org/maven2/io/netty/netty-resolver-dns-classes-macos/4.1.122.Final/netty-resolver-dns-classes-macos-4.1.122.Final-sources.jar
2025-07-09 07:46:48,724 [Worker-20: Download sources and javadoc] INFO  o.e.m.j.internal.DownloadSourcesJob - Downloaded sources for io.netty:netty-resolver-dns-classes-macos:4.1.122.Final
2025-07-09 07:46:48,792 [Worker-20: Download sources and javadoc] INFO  o.e.m.c.i.e.AbstractTransferListenerAdapter - Downloading https://repo.maven.apache.org/maven2/io/netty/netty-transport-native-epoll/4.1.122.Final/netty-transport-native-epoll-4.1.122.Final-sources.jar
2025-07-09 07:46:48,817 [Worker-21: Updating Maven Project] INFO  o.e.m.c.i.p.ProjectConfigurationManager - Update started
2025-07-09 07:46:48,952 [Worker-20: Download sources and javadoc] INFO  o.e.m.c.i.e.AbstractTransferListenerAdapter - Downloaded https://repo.maven.apache.org/maven2/io/netty/netty-transport-native-epoll/4.1.122.Final/netty-transport-native-epoll-4.1.122.Final-sources.jar
2025-07-09 07:46:48,957 [Worker-20: Download sources and javadoc] INFO  o.e.m.j.internal.DownloadSourcesJob - Downloaded sources for io.netty:netty-transport-native-epoll:4.1.122.Finallinux-x86_64
2025-07-09 07:46:49,025 [Worker-20: Download sources and javadoc] INFO  o.e.m.c.i.e.AbstractTransferListenerAdapter - Downloading https://repo.maven.apache.org/maven2/io/netty/netty-transport-native-unix-common/4.1.122.Final/netty-transport-native-unix-common-4.1.122.Final-sources.jar
2025-07-09 07:46:49,080 [Worker-20: Download sources and javadoc] INFO  o.e.m.c.i.e.AbstractTransferListenerAdapter - Downloaded https://repo.maven.apache.org/maven2/io/netty/netty-transport-native-unix-common/4.1.122.Final/netty-transport-native-unix-common-4.1.122.Final-sources.jar
2025-07-09 07:46:49,084 [Worker-20: Download sources and javadoc] INFO  o.e.m.j.internal.DownloadSourcesJob - Downloaded sources for io.netty:netty-transport-native-unix-common:4.1.122.Final
2025-07-09 07:46:49,151 [Worker-20: Download sources and javadoc] INFO  o.e.m.c.i.e.AbstractTransferListenerAdapter - Downloading https://repo.maven.apache.org/maven2/io/netty/netty-transport-classes-epoll/4.1.122.Final/netty-transport-classes-epoll-4.1.122.Final-sources.jar
2025-07-09 07:46:49,152 [Worker-21: Updating Maven Project] INFO  o.e.m.c.i.l.LifecycleMappingFactory - Using org.eclipse.m2e.jdt.JarLifecycleMapping lifecycle mapping for MavenProject: com.thetiebar:05-Product_Service:0.0.1-SNAPSHOT @ C:\Pravin\TheTileBar\05-Product_Service\pom.xml.
2025-07-09 07:46:49,234 [Worker-20: Download sources and javadoc] INFO  o.e.m.c.i.e.AbstractTransferListenerAdapter - Downloaded https://repo.maven.apache.org/maven2/io/netty/netty-transport-classes-epoll/4.1.122.Final/netty-transport-classes-epoll-4.1.122.Final-sources.jar
2025-07-09 07:46:49,240 [Worker-20: Download sources and javadoc] INFO  o.e.m.j.internal.DownloadSourcesJob - Downloaded sources for io.netty:netty-transport-classes-epoll:4.1.122.Final
2025-07-09 07:46:49,289 [Worker-20: Download sources and javadoc] INFO  o.e.m.c.i.e.AbstractTransferListenerAdapter - Downloading https://repo.maven.apache.org/maven2/io/projectreactor/netty/reactor-netty-core/1.2.7/reactor-netty-core-1.2.7-sources.jar
2025-07-09 07:46:49,364 [Worker-20: Download sources and javadoc] INFO  o.e.m.c.i.e.AbstractTransferListenerAdapter - Downloaded https://repo.maven.apache.org/maven2/io/projectreactor/netty/reactor-netty-core/1.2.7/reactor-netty-core-1.2.7-sources.jar
2025-07-09 07:46:49,369 [Worker-20: Download sources and javadoc] INFO  o.e.m.j.internal.DownloadSourcesJob - Downloaded sources for io.projectreactor.netty:reactor-netty-core:1.2.7
2025-07-09 07:46:49,420 [Worker-20: Download sources and javadoc] INFO  o.e.m.c.i.e.AbstractTransferListenerAdapter - Downloading https://repo.maven.apache.org/maven2/io/netty/netty-handler-proxy/4.1.122.Final/netty-handler-proxy-4.1.122.Final-sources.jar
2025-07-09 07:46:49,586 [Worker-20: Download sources and javadoc] INFO  o.e.m.c.i.e.AbstractTransferListenerAdapter - Downloaded https://repo.maven.apache.org/maven2/io/netty/netty-handler-proxy/4.1.122.Final/netty-handler-proxy-4.1.122.Final-sources.jar
2025-07-09 07:46:49,589 [Worker-20: Download sources and javadoc] INFO  o.e.m.j.internal.DownloadSourcesJob - Downloaded sources for io.netty:netty-handler-proxy:4.1.122.Final
2025-07-09 07:46:49,635 [Worker-20: Download sources and javadoc] INFO  o.e.m.c.i.e.AbstractTransferListenerAdapter - Downloading https://repo.maven.apache.org/maven2/io/netty/netty-codec-socks/4.1.122.Final/netty-codec-socks-4.1.122.Final-sources.jar
2025-07-09 07:46:49,690 [Worker-20: Download sources and javadoc] INFO  o.e.m.c.i.e.AbstractTransferListenerAdapter - Downloaded https://repo.maven.apache.org/maven2/io/netty/netty-codec-socks/4.1.122.Final/netty-codec-socks-4.1.122.Final-sources.jar
2025-07-09 07:46:49,693 [Worker-20: Download sources and javadoc] INFO  o.e.m.j.internal.DownloadSourcesJob - Downloaded sources for io.netty:netty-codec-socks:4.1.122.Final
2025-07-09 07:46:49,707 [Worker-21: Updating Maven Project] INFO  o.e.m.j.i.AbstractJavaProjectConfigurator - Adding source folder /05-Product_Service/src/main/java
2025-07-09 07:46:49,707 [Worker-21: Updating Maven Project] INFO  o.e.m.j.i.AbstractJavaProjectConfigurator - Adding resource folder /05-Product_Service/src/main/resources
2025-07-09 07:46:49,707 [Worker-21: Updating Maven Project] INFO  o.e.m.j.i.AbstractJavaProjectConfigurator - Adding resource folder /05-Product_Service/src/main/resources
2025-07-09 07:46:49,708 [Worker-21: Updating Maven Project] INFO  o.e.m.j.i.AbstractJavaProjectConfigurator - Adding source folder /05-Product_Service/src/test/java
2025-07-09 07:46:49,734 [Worker-21: Updating Maven Project] WARN  o.e.m.c.i.embedder.EclipseLogger - The POM for org.projectlombok:lombok:jar: is missing, no dependency information available
2025-07-09 07:46:49,743 [Worker-21: Updating Maven Project] ERROR o.e.m.a.i.u.PluginDependencyResolver - Unable to collect dependencies for plugin
org.eclipse.aether.resolution.DependencyResolutionException: org.projectlombok:lombok:jar: was not found in https://repo.maven.apache.org/maven2 during a previous attempt. This failure was cached in the local repository and resolution is not reattempted until the update interval of central has elapsed or updates are forced
	at org.eclipse.aether.internal.impl.DefaultRepositorySystem.resolveDependencies(DefaultRepositorySystem.java:357)
	at org.eclipse.m2e.apt.internal.utils.PluginDependencyResolver.getResolvedPluginDependencies(PluginDependencyResolver.java:106)
	at org.eclipse.m2e.apt.internal.compiler.MavenCompilerJdtAptDelegate.getAnnotationProcessorConfiguration(MavenCompilerJdtAptDelegate.java:172)
	at org.eclipse.m2e.apt.internal.AbstractAptConfiguratorDelegate.configureClasspath(AbstractAptConfiguratorDelegate.java:255)
	at org.eclipse.m2e.apt.internal.AbstractAptProjectConfigurator.lambda$1(AbstractAptProjectConfigurator.java:156)
	at org.eclipse.m2e.core.internal.embedder.MavenExecutionContext.executeBare(MavenExecutionContext.java:364)
	at org.eclipse.m2e.core.internal.embedder.MavenExecutionContext.execute(MavenExecutionContext.java:274)
	at org.eclipse.m2e.core.internal.embedder.MavenExecutionContext.execute(MavenExecutionContext.java:213)
	at org.eclipse.m2e.apt.internal.AbstractAptProjectConfigurator.configureRawClasspath(AbstractAptProjectConfigurator.java:150)
	at org.eclipse.m2e.jdt.internal.AbstractJavaProjectConfigurator.invokeJavaProjectConfigurators(AbstractJavaProjectConfigurator.java:227)
	at org.eclipse.m2e.jdt.internal.AbstractJavaProjectConfigurator.configure(AbstractJavaProjectConfigurator.java:186)
	at org.eclipse.m2e.core.project.configurator.AbstractLifecycleMapping.configure(AbstractLifecycleMapping.java:123)
	at org.eclipse.m2e.core.internal.project.ProjectConfigurationManager.lambda$6(ProjectConfigurationManager.java:494)
	at org.eclipse.m2e.core.internal.embedder.MavenExecutionContext.executeBare(MavenExecutionContext.java:364)
	at org.eclipse.m2e.core.internal.embedder.MavenExecutionContext.execute(MavenExecutionContext.java:274)
	at org.eclipse.m2e.core.internal.project.ProjectConfigurationManager.updateProjectConfiguration(ProjectConfigurationManager.java:488)
	at org.eclipse.m2e.core.internal.project.ProjectConfigurationManager.lambda$4(ProjectConfigurationManager.java:416)
	at java.base/java.util.Collection.removeIf(Collection.java:576)
	at org.eclipse.m2e.core.internal.project.ProjectConfigurationManager.updateProjectConfiguration0(ProjectConfigurationManager.java:410)
	at org.eclipse.m2e.core.internal.project.ProjectConfigurationManager.lambda$3(ProjectConfigurationManager.java:340)
	at org.eclipse.m2e.core.internal.embedder.MavenExecutionContext.executeBare(MavenExecutionContext.java:364)
	at org.eclipse.m2e.core.internal.embedder.MavenExecutionContext.execute(MavenExecutionContext.java:274)
	at org.eclipse.m2e.core.internal.embedder.MavenExecutionContext.execute(MavenExecutionContext.java:213)
	at org.eclipse.m2e.core.internal.embedder.MavenImpl.execute(MavenImpl.java:1102)
	at org.eclipse.m2e.core.internal.project.ProjectConfigurationManager.updateProjectConfiguration(ProjectConfigurationManager.java:339)
	at org.eclipse.m2e.core.ui.internal.UpdateMavenProjectJob.runInWorkspace(UpdateMavenProjectJob.java:80)
	at org.eclipse.core.internal.resources.InternalWorkspaceJob.run(InternalWorkspaceJob.java:43)
	at org.eclipse.core.internal.jobs.Worker.run(Worker.java:63)
Caused by: org.eclipse.aether.resolution.ArtifactResolutionException: org.projectlombok:lombok:jar: was not found in https://repo.maven.apache.org/maven2 during a previous attempt. This failure was cached in the local repository and resolution is not reattempted until the update interval of central has elapsed or updates are forced
	at org.eclipse.aether.internal.impl.DefaultArtifactResolver.resolve(DefaultArtifactResolver.java:425)
	at org.eclipse.aether.internal.impl.DefaultArtifactResolver.resolveArtifacts(DefaultArtifactResolver.java:229)
	at org.eclipse.aether.internal.impl.DefaultRepositorySystem.resolveDependencies(DefaultRepositorySystem.java:340)
	... 27 common frames omitted
Caused by: org.eclipse.aether.transfer.ArtifactNotFoundException: org.projectlombok:lombok:jar: was not found in https://repo.maven.apache.org/maven2 during a previous attempt. This failure was cached in the local repository and resolution is not reattempted until the update interval of central has elapsed or updates are forced
	at org.eclipse.aether.internal.impl.DefaultUpdateCheckManager.newException(DefaultUpdateCheckManager.java:217)
	at org.eclipse.aether.internal.impl.DefaultUpdateCheckManager.checkArtifact(DefaultUpdateCheckManager.java:189)
	at org.eclipse.aether.internal.impl.DefaultArtifactResolver.gatherDownloads(DefaultArtifactResolver.java:574)
	at org.eclipse.aether.internal.impl.DefaultArtifactResolver.performDownloads(DefaultArtifactResolver.java:484)
	at org.eclipse.aether.internal.impl.DefaultArtifactResolver.resolve(DefaultArtifactResolver.java:402)
	... 29 common frames omitted
2025-07-09 07:46:49,745 [Worker-20: Download sources and javadoc] INFO  o.e.m.c.i.e.AbstractTransferListenerAdapter - Downloading https://repo.maven.apache.org/maven2/org/springframework/spring-webflux/6.2.8/spring-webflux-6.2.8-sources.jar
2025-07-09 07:46:49,746 [Worker-21: Updating Maven Project] INFO  o.e.m.c.i.p.ProjectConfigurationManager - Update completed for 1 poms: local refresh takes 0.00 sec, refresh facades takes 0.00 sec, update config takes 0.00 sec 
2025-07-09 07:46:49,856 [Worker-20: Download sources and javadoc] INFO  o.e.m.c.i.e.AbstractTransferListenerAdapter - Downloaded https://repo.maven.apache.org/maven2/org/springframework/spring-webflux/6.2.8/spring-webflux-6.2.8-sources.jar
2025-07-09 07:46:49,862 [Worker-20: Download sources and javadoc] INFO  o.e.m.j.internal.DownloadSourcesJob - Downloaded sources for org.springframework:spring-webflux:6.2.8
2025-07-09 07:46:49,923 [Worker-20: Download sources and javadoc] INFO  o.e.m.c.i.e.AbstractTransferListenerAdapter - Downloading https://repo.maven.apache.org/maven2/org/springframework/boot/spring-boot-starter-thymeleaf/3.5.3/spring-boot-starter-thymeleaf-3.5.3-sources.jar
2025-07-09 07:46:49,954 [Worker-20: Download sources and javadoc] INFO  o.e.m.c.i.e.AbstractTransferListenerAdapter - Downloaded https://repo.maven.apache.org/maven2/org/springframework/boot/spring-boot-starter-thymeleaf/3.5.3/spring-boot-starter-thymeleaf-3.5.3-sources.jar
2025-07-09 07:46:49,959 [Worker-20: Download sources and javadoc] INFO  o.e.m.j.internal.DownloadSourcesJob - Downloaded sources for org.springframework.boot:spring-boot-starter-thymeleaf:3.5.3
2025-07-09 07:46:50,024 [Worker-20: Download sources and javadoc] INFO  o.e.m.c.i.e.AbstractTransferListenerAdapter - Downloading https://repo.maven.apache.org/maven2/org/thymeleaf/thymeleaf-spring6/3.1.3.RELEASE/thymeleaf-spring6-3.1.3.RELEASE-sources.jar
2025-07-09 07:46:50,121 [Worker-20: Download sources and javadoc] INFO  o.e.m.c.i.e.AbstractTransferListenerAdapter - Downloaded https://repo.maven.apache.org/maven2/org/thymeleaf/thymeleaf-spring6/3.1.3.RELEASE/thymeleaf-spring6-3.1.3.RELEASE-sources.jar
2025-07-09 07:46:50,126 [Worker-20: Download sources and javadoc] INFO  o.e.m.j.internal.DownloadSourcesJob - Downloaded sources for org.thymeleaf:thymeleaf-spring6:3.1.3.RELEASE
2025-07-09 07:46:50,175 [Worker-20: Download sources and javadoc] INFO  o.e.m.c.i.e.AbstractTransferListenerAdapter - Downloading https://repo.maven.apache.org/maven2/org/thymeleaf/thymeleaf/3.1.3.RELEASE/thymeleaf-3.1.3.RELEASE-sources.jar
2025-07-09 07:46:50,306 [Worker-20: Download sources and javadoc] INFO  o.e.m.c.i.e.AbstractTransferListenerAdapter - Downloaded https://repo.maven.apache.org/maven2/org/thymeleaf/thymeleaf/3.1.3.RELEASE/thymeleaf-3.1.3.RELEASE-sources.jar
2025-07-09 07:46:50,310 [Worker-20: Download sources and javadoc] INFO  o.e.m.j.internal.DownloadSourcesJob - Downloaded sources for org.thymeleaf:thymeleaf:3.1.3.RELEASE
2025-07-09 07:46:50,370 [Worker-20: Download sources and javadoc] INFO  o.e.m.c.i.e.AbstractTransferListenerAdapter - Downloading https://repo.maven.apache.org/maven2/org/attoparser/attoparser/2.0.7.RELEASE/attoparser-2.0.7.RELEASE-sources.jar
2025-07-09 07:46:50,449 [Worker-20: Download sources and javadoc] INFO  o.e.m.c.i.e.AbstractTransferListenerAdapter - Downloaded https://repo.maven.apache.org/maven2/org/attoparser/attoparser/2.0.7.RELEASE/attoparser-2.0.7.RELEASE-sources.jar
2025-07-09 07:46:50,453 [Worker-20: Download sources and javadoc] INFO  o.e.m.j.internal.DownloadSourcesJob - Downloaded sources for org.attoparser:attoparser:2.0.7.RELEASE
2025-07-09 07:46:50,517 [Worker-20: Download sources and javadoc] INFO  o.e.m.c.i.e.AbstractTransferListenerAdapter - Downloading https://repo.maven.apache.org/maven2/de/codecentric/spring-boot-admin-server-ui/3.5.0/spring-boot-admin-server-ui-3.5.0-sources.jar
2025-07-09 07:46:50,894 [Worker-20: Download sources and javadoc] INFO  o.e.m.c.i.e.AbstractTransferListenerAdapter - Downloaded https://repo.maven.apache.org/maven2/de/codecentric/spring-boot-admin-server-ui/3.5.0/spring-boot-admin-server-ui-3.5.0-sources.jar
2025-07-09 07:46:50,897 [Worker-20: Download sources and javadoc] INFO  o.e.m.j.internal.DownloadSourcesJob - Downloaded sources for de.codecentric:spring-boot-admin-server-ui:3.5.0
2025-07-09 07:46:50,967 [Worker-20: Download sources and javadoc] INFO  o.e.m.c.i.e.AbstractTransferListenerAdapter - Downloading https://repo.maven.apache.org/maven2/de/codecentric/spring-boot-admin-server-cloud/3.5.0/spring-boot-admin-server-cloud-3.5.0-sources.jar
2025-07-09 07:46:51,118 [Worker-20: Download sources and javadoc] INFO  o.e.m.c.i.e.AbstractTransferListenerAdapter - Downloaded https://repo.maven.apache.org/maven2/de/codecentric/spring-boot-admin-server-cloud/3.5.0/spring-boot-admin-server-cloud-3.5.0-sources.jar
2025-07-09 07:46:51,121 [Worker-20: Download sources and javadoc] INFO  o.e.m.j.internal.DownloadSourcesJob - Downloaded sources for de.codecentric:spring-boot-admin-server-cloud:3.5.0
2025-07-09 07:48:47,230 [Worker-20: Download sources and javadoc] INFO  o.e.m.c.i.e.AbstractTransferListenerAdapter - Downloaded https://repo.maven.apache.org/maven2/de/codecentric/spring-boot-admin-starter-server/3.5.0/spring-boot-admin-starter-server-3.5.0-javadoc.jar
2025-07-09 07:48:47,233 [Worker-20: Download sources and javadoc] ERROR o.e.m.j.internal.DownloadSourcesJob - Could not download javadoc for de.codecentric:spring-boot-admin-starter-server:3.5.0
org.eclipse.core.runtime.CoreException: Could not resolve artifact de.codecentric:spring-boot-admin-starter-server:jar:javadoc:3.5.0
	at org.eclipse.m2e.core.internal.embedder.MavenImpl.lambda$6(MavenImpl.java:587)
	at org.eclipse.m2e.core.internal.embedder.MavenExecutionContext.executeBare(MavenExecutionContext.java:364)
	at org.eclipse.m2e.core.internal.embedder.MavenExecutionContext.execute(MavenExecutionContext.java:227)
	at org.eclipse.m2e.core.internal.embedder.MavenExecutionContext.execute(MavenExecutionContext.java:213)
	at org.eclipse.m2e.core.internal.embedder.MavenImpl.resolve(MavenImpl.java:556)
	at org.eclipse.m2e.core.internal.embedder.MavenImpl.resolve(MavenImpl.java:541)
	at org.eclipse.m2e.jdt.internal.DownloadSourcesJob.download(DownloadSourcesJob.java:308)
	at org.eclipse.m2e.jdt.internal.DownloadSourcesJob.downloadAttachments(DownloadSourcesJob.java:294)
	at org.eclipse.m2e.jdt.internal.DownloadSourcesJob.downloadMaven(DownloadSourcesJob.java:252)
	at org.eclipse.m2e.jdt.internal.DownloadSourcesJob.downloadFilesAndPopulateToUpdate(DownloadSourcesJob.java:220)
	at org.eclipse.m2e.jdt.internal.DownloadSourcesJob.lambda$0(DownloadSourcesJob.java:149)
	at org.eclipse.m2e.core.internal.embedder.MavenExecutionContext.executeBare(MavenExecutionContext.java:364)
	at org.eclipse.m2e.core.internal.embedder.MavenExecutionContext.execute(MavenExecutionContext.java:274)
	at org.eclipse.m2e.core.internal.embedder.MavenExecutionContext.execute(MavenExecutionContext.java:213)
	at org.eclipse.m2e.core.embedder.IMaven.execute(IMaven.java:294)
	at org.eclipse.m2e.jdt.internal.DownloadSourcesJob.run(DownloadSourcesJob.java:149)
	at org.eclipse.core.internal.jobs.Worker.run(Worker.java:63)
2025-07-09 07:51:45,009 [Worker-22: Updating Maven Project] INFO  o.e.m.c.i.p.ProjectConfigurationManager - Update started
2025-07-09 07:51:45,235 [Worker-22: Updating Maven Project] INFO  o.e.m.c.i.l.LifecycleMappingFactory - Using org.eclipse.m2e.jdt.JarLifecycleMapping lifecycle mapping for MavenProject: com.thetiebar:02-Admin_Server:0.0.1-SNAPSHOT @ C:\Pravin\TheTileBar\02-Admin_Server\pom.xml.
2025-07-09 07:51:45,779 [Worker-22: Updating Maven Project] INFO  o.e.m.j.i.AbstractJavaProjectConfigurator - Adding source folder /02-Admin_Server/src/main/java
2025-07-09 07:51:45,781 [Worker-22: Updating Maven Project] INFO  o.e.m.j.i.AbstractJavaProjectConfigurator - Adding resource folder /02-Admin_Server/src/main/resources
2025-07-09 07:51:45,781 [Worker-22: Updating Maven Project] INFO  o.e.m.j.i.AbstractJavaProjectConfigurator - Adding resource folder /02-Admin_Server/src/main/resources
2025-07-09 07:51:45,781 [Worker-22: Updating Maven Project] INFO  o.e.m.j.i.AbstractJavaProjectConfigurator - Adding source folder /02-Admin_Server/src/test/java
2025-07-09 07:51:46,168 [Worker-22: Updating Maven Project] INFO  o.e.m.c.i.p.ProjectConfigurationManager - Update completed for 1 poms: local refresh takes 0.00 sec, refresh facades takes 0.00 sec, update config takes 0.00 sec 
2025-07-09 07:56:12,173 [Worker-24: Updating Maven Project] INFO  o.e.m.c.i.p.ProjectConfigurationManager - Update started
2025-07-09 07:56:12,359 [Worker-24: Updating Maven Project] INFO  o.e.m.c.i.l.LifecycleMappingFactory - Using org.eclipse.m2e.jdt.JarLifecycleMapping lifecycle mapping for MavenProject: com.thetiebar:02-Admin_Server:0.0.1-SNAPSHOT @ C:\Pravin\TheTileBar\02-Admin_Server\pom.xml.
2025-07-09 07:56:12,822 [Worker-24: Updating Maven Project] INFO  o.e.m.j.i.AbstractJavaProjectConfigurator - Adding source folder /02-Admin_Server/src/main/java
2025-07-09 07:56:12,823 [Worker-24: Updating Maven Project] INFO  o.e.m.j.i.AbstractJavaProjectConfigurator - Adding resource folder /02-Admin_Server/src/main/resources
2025-07-09 07:56:12,823 [Worker-24: Updating Maven Project] INFO  o.e.m.j.i.AbstractJavaProjectConfigurator - Adding resource folder /02-Admin_Server/src/main/resources
2025-07-09 07:56:12,823 [Worker-24: Updating Maven Project] INFO  o.e.m.j.i.AbstractJavaProjectConfigurator - Adding source folder /02-Admin_Server/src/test/java
2025-07-09 07:56:13,206 [Worker-24: Updating Maven Project] INFO  o.e.m.c.i.p.ProjectConfigurationManager - Update completed for 1 poms: local refresh takes 0.00 sec, refresh facades takes 0.00 sec, update config takes 0.00 sec 
2025-07-09 07:56:29,045 [Worker-28: Updating Maven Project] INFO  o.e.m.c.i.p.ProjectConfigurationManager - Update started
2025-07-09 07:56:29,221 [Worker-28: Updating Maven Project] INFO  o.e.m.c.i.l.LifecycleMappingFactory - Using org.eclipse.m2e.jdt.JarLifecycleMapping lifecycle mapping for MavenProject: com.thetiebar:02-Admin_Server:0.0.1-SNAPSHOT @ C:\Pravin\TheTileBar\02-Admin_Server\pom.xml.
2025-07-09 07:56:29,659 [Worker-28: Updating Maven Project] INFO  o.e.m.j.i.AbstractJavaProjectConfigurator - Adding source folder /02-Admin_Server/src/main/java
2025-07-09 07:56:29,659 [Worker-28: Updating Maven Project] INFO  o.e.m.j.i.AbstractJavaProjectConfigurator - Adding resource folder /02-Admin_Server/src/main/resources
2025-07-09 07:56:29,660 [Worker-28: Updating Maven Project] INFO  o.e.m.j.i.AbstractJavaProjectConfigurator - Adding resource folder /02-Admin_Server/src/main/resources
2025-07-09 07:56:29,660 [Worker-28: Updating Maven Project] INFO  o.e.m.j.i.AbstractJavaProjectConfigurator - Adding source folder /02-Admin_Server/src/test/java
2025-07-09 07:56:30,071 [Worker-28: Updating Maven Project] INFO  o.e.m.c.i.p.ProjectConfigurationManager - Update completed for 1 poms: local refresh takes 0.00 sec, refresh facades takes 0.00 sec, update config takes 0.00 sec 
2025-07-09 08:04:45,949 [Worker-32: Launching 02-Admin_Server - Application] INFO  o.e.m.c.i.l.LifecycleMappingFactory - Using org.eclipse.m2e.jdt.JarLifecycleMapping lifecycle mapping for MavenProject: com.thetiebar:02-Admin_Server:0.0.1-SNAPSHOT @ C:\Pravin\TheTileBar\02-Admin_Server\pom.xml.
2025-07-09 08:04:46,542 [Worker-32: Launching 02-Admin_Server - Application] INFO  o.a.m.s.f.DefaultMavenResourcesFiltering - Copying 0 resource from src\main\resources to target\classes
2025-07-09 08:04:46,542 [Worker-32: Launching 02-Admin_Server - Application] INFO  o.a.m.s.f.DefaultMavenResourcesFiltering - Copying 0 resource from src\main\resources to target\classes
2025-07-09 08:04:46,545 [Worker-32: Launching 02-Admin_Server - Application] INFO  o.a.m.s.f.DefaultMavenResourcesFiltering - skip non existing resourceDirectory C:\Pravin\TheTileBar\02-Admin_Server\src\test\resources
2025-07-09 08:04:47,431 [Worker-34: Download sources and javadoc] INFO  o.e.m.c.i.e.AbstractTransferListenerAdapter - Downloading https://repo.maven.apache.org/maven2/org/springframework/boot/spring-boot-starter-security/3.5.3/spring-boot-starter-security-3.5.3-sources.jar
2025-07-09 08:04:47,487 [Worker-34: Download sources and javadoc] INFO  o.e.m.c.i.e.AbstractTransferListenerAdapter - Downloaded https://repo.maven.apache.org/maven2/org/springframework/boot/spring-boot-starter-security/3.5.3/spring-boot-starter-security-3.5.3-sources.jar
2025-07-09 08:04:47,490 [Worker-34: Download sources and javadoc] INFO  o.e.m.j.internal.DownloadSourcesJob - Downloaded sources for org.springframework.boot:spring-boot-starter-security:3.5.3
2025-07-09 08:04:47,536 [Worker-34: Download sources and javadoc] INFO  o.e.m.c.i.e.AbstractTransferListenerAdapter - Downloading https://repo.maven.apache.org/maven2/org/springframework/security/spring-security-config/6.5.1/spring-security-config-6.5.1-sources.jar
2025-07-09 08:04:47,660 [Worker-34: Download sources and javadoc] INFO  o.e.m.c.i.e.AbstractTransferListenerAdapter - Downloaded https://repo.maven.apache.org/maven2/org/springframework/security/spring-security-config/6.5.1/spring-security-config-6.5.1-sources.jar
2025-07-09 08:04:47,665 [Worker-34: Download sources and javadoc] INFO  o.e.m.j.internal.DownloadSourcesJob - Downloaded sources for org.springframework.security:spring-security-config:6.5.1
2025-07-09 08:04:47,741 [Worker-34: Download sources and javadoc] INFO  o.e.m.c.i.e.AbstractTransferListenerAdapter - Downloading https://repo.maven.apache.org/maven2/org/springframework/security/spring-security-core/6.5.1/spring-security-core-6.5.1-sources.jar
2025-07-09 08:04:47,843 [Worker-34: Download sources and javadoc] INFO  o.e.m.c.i.e.AbstractTransferListenerAdapter - Downloaded https://repo.maven.apache.org/maven2/org/springframework/security/spring-security-core/6.5.1/spring-security-core-6.5.1-sources.jar
2025-07-09 08:04:47,847 [Worker-34: Download sources and javadoc] INFO  o.e.m.j.internal.DownloadSourcesJob - Downloaded sources for org.springframework.security:spring-security-core:6.5.1
2025-07-09 08:04:47,898 [Worker-34: Download sources and javadoc] INFO  o.e.m.c.i.e.AbstractTransferListenerAdapter - Downloading https://repo.maven.apache.org/maven2/org/springframework/security/spring-security-web/6.5.1/spring-security-web-6.5.1-sources.jar
2025-07-09 08:04:48,003 [Worker-34: Download sources and javadoc] INFO  o.e.m.c.i.e.AbstractTransferListenerAdapter - Downloaded https://repo.maven.apache.org/maven2/org/springframework/security/spring-security-web/6.5.1/spring-security-web-6.5.1-sources.jar
2025-07-09 08:04:48,007 [Worker-34: Download sources and javadoc] INFO  o.e.m.j.internal.DownloadSourcesJob - Downloaded sources for org.springframework.security:spring-security-web:6.5.1
2025-07-09 08:52:11,269 [Worker-34: Launching 02-Admin_Server - Application] INFO  o.e.m.c.i.l.LifecycleMappingFactory - Using org.eclipse.m2e.jdt.JarLifecycleMapping lifecycle mapping for MavenProject: com.thetiebar:02-Admin_Server:0.0.1-SNAPSHOT @ C:\Pravin\TheTileBar\02-Admin_Server\pom.xml.
2025-07-09 08:52:14,443 [Worker-34: Launching 02-Admin_Server - Application] INFO  o.a.m.s.f.DefaultMavenResourcesFiltering - Copying 1 resource from src\main\resources to target\classes
2025-07-09 08:52:14,472 [Worker-34: Launching 02-Admin_Server - Application] INFO  o.a.m.s.f.DefaultMavenResourcesFiltering - Copying 0 resource from src\main\resources to target\classes
2025-07-09 08:52:14,476 [Worker-34: Launching 02-Admin_Server - Application] INFO  o.a.m.s.f.DefaultMavenResourcesFiltering - skip non existing resourceDirectory C:\Pravin\TheTileBar\02-Admin_Server\src\test\resources
2025-07-09 08:54:23,619 [Worker-38: Launching 02-Admin_Server - Application] INFO  o.a.m.s.f.DefaultMavenResourcesFiltering - Copying 1 resource from src\main\resources to target\classes
2025-07-09 08:54:23,623 [Worker-38: Launching 02-Admin_Server - Application] INFO  o.a.m.s.f.DefaultMavenResourcesFiltering - Copying 0 resource from src\main\resources to target\classes
2025-07-09 08:54:23,626 [Worker-38: Launching 02-Admin_Server - Application] INFO  o.a.m.s.f.DefaultMavenResourcesFiltering - skip non existing resourceDirectory C:\Pravin\TheTileBar\02-Admin_Server\src\test\resources
2025-07-10 13:30:58,151 [Worker-6: Loading available Gradle versions] INFO  o.e.b.c.i.u.g.PublishedGradleVersions - Gradle version information cache is out-of-date. Trying to update.
2025-07-10 13:39:33,407 [Worker-6: Launching 05-Product_Service - Application] INFO  o.e.m.c.i.l.LifecycleMappingFactory - Using org.eclipse.m2e.jdt.JarLifecycleMapping lifecycle mapping for MavenProject: com.thetiebar:05-Product_Service:0.0.1-SNAPSHOT @ C:\Pravin\TheTileBar\05-Product_Service\pom.xml.
2025-07-10 13:39:34,267 [Worker-6: Launching 05-Product_Service - Application] WARN  o.e.m.c.i.embedder.EclipseLogger - The POM for de.codecentric:spring-boot-admin-starter-client:jar:3.x.x is missing, no dependency information available
2025-07-10 13:39:36,658 [Worker-6: Launching 05-Product_Service - Application] INFO  o.a.m.s.f.DefaultMavenResourcesFiltering - Copying 1 resource from src\main\resources to target\classes
2025-07-10 13:39:36,673 [Worker-6: Launching 05-Product_Service - Application] INFO  o.a.m.s.f.DefaultMavenResourcesFiltering - Copying 0 resource from src\main\resources to target\classes
2025-07-10 13:39:36,676 [Worker-6: Launching 05-Product_Service - Application] INFO  o.a.m.s.f.DefaultMavenResourcesFiltering - skip non existing resourceDirectory C:\Pravin\TheTileBar\05-Product_Service\src\test\resources
2025-07-10 13:39:36,787 [Worker-0: Updating Maven Project] INFO  o.e.m.c.i.p.ProjectConfigurationManager - Update started
2025-07-10 13:39:37,137 [Worker-6: Launching 05-Product_Service - Application] WARN  o.e.m.c.i.embedder.EclipseLogger - The POM for de.codecentric:spring-boot-admin-starter-client:jar:3.x.x is missing, no dependency information available
2025-07-10 13:39:37,277 [Worker-0: Updating Maven Project] INFO  o.e.m.c.i.l.LifecycleMappingFactory - Using org.eclipse.m2e.jdt.JarLifecycleMapping lifecycle mapping for MavenProject: com.thetiebar:05-Product_Service:0.0.1-SNAPSHOT @ C:\Pravin\TheTileBar\05-Product_Service\pom.xml.
2025-07-10 13:39:37,431 [Worker-0: Updating Maven Project] WARN  o.e.m.c.i.embedder.EclipseLogger - The POM for de.codecentric:spring-boot-admin-starter-client:jar:3.x.x is missing, no dependency information available
2025-07-10 13:39:38,065 [Worker-0: Updating Maven Project] INFO  o.e.m.j.i.AbstractJavaProjectConfigurator - Adding source folder /05-Product_Service/src/main/java
2025-07-10 13:39:38,066 [Worker-0: Updating Maven Project] INFO  o.e.m.j.i.AbstractJavaProjectConfigurator - Adding resource folder /05-Product_Service/src/main/resources
2025-07-10 13:39:38,067 [Worker-0: Updating Maven Project] INFO  o.e.m.j.i.AbstractJavaProjectConfigurator - Adding resource folder /05-Product_Service/src/main/resources
2025-07-10 13:39:38,067 [Worker-0: Updating Maven Project] INFO  o.e.m.j.i.AbstractJavaProjectConfigurator - Adding source folder /05-Product_Service/src/test/java
2025-07-10 13:39:38,096 [Worker-7: Download sources and javadoc] INFO  o.e.m.c.i.e.AbstractTransferListenerAdapter - Downloaded https://repo.maven.apache.org/maven2/de/codecentric/spring-boot-admin-starter-client/3.x.x/spring-boot-admin-starter-client-3.x.x-sources.jar
2025-07-10 13:39:38,109 [Worker-0: Updating Maven Project] WARN  o.e.m.c.i.embedder.EclipseLogger - The POM for org.projectlombok:lombok:jar: is missing, no dependency information available
2025-07-10 13:39:38,135 [Worker-7: Download sources and javadoc] ERROR o.e.m.j.internal.DownloadSourcesJob - Could not download sources for de.codecentric:spring-boot-admin-starter-client:3.x.x
org.eclipse.core.runtime.CoreException: Could not resolve artifact de.codecentric:spring-boot-admin-starter-client:jar:sources:3.x.x
	at org.eclipse.m2e.core.internal.embedder.MavenImpl.lambda$6(MavenImpl.java:587)
	at org.eclipse.m2e.core.internal.embedder.MavenExecutionContext.executeBare(MavenExecutionContext.java:364)
	at org.eclipse.m2e.core.internal.embedder.MavenExecutionContext.execute(MavenExecutionContext.java:227)
	at org.eclipse.m2e.core.internal.embedder.MavenExecutionContext.execute(MavenExecutionContext.java:213)
	at org.eclipse.m2e.core.internal.embedder.MavenImpl.resolve(MavenImpl.java:556)
	at org.eclipse.m2e.core.internal.embedder.MavenImpl.resolve(MavenImpl.java:541)
	at org.eclipse.m2e.jdt.internal.DownloadSourcesJob.download(DownloadSourcesJob.java:308)
	at org.eclipse.m2e.jdt.internal.DownloadSourcesJob.downloadAttachments(DownloadSourcesJob.java:282)
	at org.eclipse.m2e.jdt.internal.DownloadSourcesJob.downloadMaven(DownloadSourcesJob.java:252)
	at org.eclipse.m2e.jdt.internal.DownloadSourcesJob.downloadFilesAndPopulateToUpdate(DownloadSourcesJob.java:220)
	at org.eclipse.m2e.jdt.internal.DownloadSourcesJob.lambda$0(DownloadSourcesJob.java:149)
	at org.eclipse.m2e.core.internal.embedder.MavenExecutionContext.executeBare(MavenExecutionContext.java:364)
	at org.eclipse.m2e.core.internal.embedder.MavenExecutionContext.execute(MavenExecutionContext.java:274)
	at org.eclipse.m2e.core.internal.embedder.MavenExecutionContext.execute(MavenExecutionContext.java:213)
	at org.eclipse.m2e.core.embedder.IMaven.execute(IMaven.java:294)
	at org.eclipse.m2e.jdt.internal.DownloadSourcesJob.run(DownloadSourcesJob.java:149)
	at org.eclipse.core.internal.jobs.Worker.run(Worker.java:63)
2025-07-10 13:39:38,136 [Worker-0: Updating Maven Project] ERROR o.e.m.a.i.u.PluginDependencyResolver - Unable to collect dependencies for plugin
org.eclipse.aether.resolution.DependencyResolutionException: org.projectlombok:lombok:jar: was not found in https://repo.maven.apache.org/maven2 during a previous attempt. This failure was cached in the local repository and resolution is not reattempted until the update interval of central has elapsed or updates are forced
	at org.eclipse.aether.internal.impl.DefaultRepositorySystem.resolveDependencies(DefaultRepositorySystem.java:357)
	at org.eclipse.m2e.apt.internal.utils.PluginDependencyResolver.getResolvedPluginDependencies(PluginDependencyResolver.java:106)
	at org.eclipse.m2e.apt.internal.compiler.MavenCompilerJdtAptDelegate.getAnnotationProcessorConfiguration(MavenCompilerJdtAptDelegate.java:172)
	at org.eclipse.m2e.apt.internal.AbstractAptConfiguratorDelegate.configureClasspath(AbstractAptConfiguratorDelegate.java:255)
	at org.eclipse.m2e.apt.internal.AbstractAptProjectConfigurator.lambda$1(AbstractAptProjectConfigurator.java:156)
	at org.eclipse.m2e.core.internal.embedder.MavenExecutionContext.executeBare(MavenExecutionContext.java:364)
	at org.eclipse.m2e.core.internal.embedder.MavenExecutionContext.execute(MavenExecutionContext.java:274)
	at org.eclipse.m2e.core.internal.embedder.MavenExecutionContext.execute(MavenExecutionContext.java:213)
	at org.eclipse.m2e.apt.internal.AbstractAptProjectConfigurator.configureRawClasspath(AbstractAptProjectConfigurator.java:150)
	at org.eclipse.m2e.jdt.internal.AbstractJavaProjectConfigurator.invokeJavaProjectConfigurators(AbstractJavaProjectConfigurator.java:227)
	at org.eclipse.m2e.jdt.internal.AbstractJavaProjectConfigurator.configure(AbstractJavaProjectConfigurator.java:186)
	at org.eclipse.m2e.core.project.configurator.AbstractLifecycleMapping.configure(AbstractLifecycleMapping.java:123)
	at org.eclipse.m2e.core.internal.project.ProjectConfigurationManager.lambda$6(ProjectConfigurationManager.java:494)
	at org.eclipse.m2e.core.internal.embedder.MavenExecutionContext.executeBare(MavenExecutionContext.java:364)
	at org.eclipse.m2e.core.internal.embedder.MavenExecutionContext.execute(MavenExecutionContext.java:274)
	at org.eclipse.m2e.core.internal.project.ProjectConfigurationManager.updateProjectConfiguration(ProjectConfigurationManager.java:488)
	at org.eclipse.m2e.core.internal.project.ProjectConfigurationManager.lambda$4(ProjectConfigurationManager.java:416)
	at java.base/java.util.Collection.removeIf(Collection.java:576)
	at org.eclipse.m2e.core.internal.project.ProjectConfigurationManager.updateProjectConfiguration0(ProjectConfigurationManager.java:410)
	at org.eclipse.m2e.core.internal.project.ProjectConfigurationManager.lambda$3(ProjectConfigurationManager.java:340)
	at org.eclipse.m2e.core.internal.embedder.MavenExecutionContext.executeBare(MavenExecutionContext.java:364)
	at org.eclipse.m2e.core.internal.embedder.MavenExecutionContext.execute(MavenExecutionContext.java:274)
	at org.eclipse.m2e.core.internal.embedder.MavenExecutionContext.execute(MavenExecutionContext.java:213)
	at org.eclipse.m2e.core.internal.embedder.MavenImpl.execute(MavenImpl.java:1102)
	at org.eclipse.m2e.core.internal.project.ProjectConfigurationManager.updateProjectConfiguration(ProjectConfigurationManager.java:339)
	at org.eclipse.m2e.core.ui.internal.UpdateMavenProjectJob.runInWorkspace(UpdateMavenProjectJob.java:80)
	at org.eclipse.core.internal.resources.InternalWorkspaceJob.run(InternalWorkspaceJob.java:43)
	at org.eclipse.core.internal.jobs.Worker.run(Worker.java:63)
Caused by: org.eclipse.aether.resolution.ArtifactResolutionException: org.projectlombok:lombok:jar: was not found in https://repo.maven.apache.org/maven2 during a previous attempt. This failure was cached in the local repository and resolution is not reattempted until the update interval of central has elapsed or updates are forced
	at org.eclipse.aether.internal.impl.DefaultArtifactResolver.resolve(DefaultArtifactResolver.java:425)
	at org.eclipse.aether.internal.impl.DefaultArtifactResolver.resolveArtifacts(DefaultArtifactResolver.java:229)
	at org.eclipse.aether.internal.impl.DefaultRepositorySystem.resolveDependencies(DefaultRepositorySystem.java:340)
	... 27 common frames omitted
Caused by: org.eclipse.aether.transfer.ArtifactNotFoundException: org.projectlombok:lombok:jar: was not found in https://repo.maven.apache.org/maven2 during a previous attempt. This failure was cached in the local repository and resolution is not reattempted until the update interval of central has elapsed or updates are forced
	at org.eclipse.aether.internal.impl.DefaultUpdateCheckManager.newException(DefaultUpdateCheckManager.java:217)
	at org.eclipse.aether.internal.impl.DefaultUpdateCheckManager.checkArtifact(DefaultUpdateCheckManager.java:189)
	at org.eclipse.aether.internal.impl.DefaultArtifactResolver.gatherDownloads(DefaultArtifactResolver.java:574)
	at org.eclipse.aether.internal.impl.DefaultArtifactResolver.performDownloads(DefaultArtifactResolver.java:484)
	at org.eclipse.aether.internal.impl.DefaultArtifactResolver.resolve(DefaultArtifactResolver.java:402)
	... 29 common frames omitted
2025-07-10 13:39:38,142 [Worker-0: Updating Maven Project] INFO  o.e.m.c.i.p.ProjectConfigurationManager - Update completed for 1 poms: local refresh takes 0.00 sec, refresh facades takes 1.00 sec, update config takes 0.00 sec 
2025-07-10 13:40:36,463 [Worker-1: Download sources and javadoc] INFO  o.e.m.c.i.e.AbstractTransferListenerAdapter - Downloaded https://repo.maven.apache.org/maven2/de/codecentric/spring-boot-admin-starter-client/3.x.x/spring-boot-admin-starter-client-3.x.x-javadoc.jar
2025-07-10 13:40:36,465 [Worker-1: Download sources and javadoc] ERROR o.e.m.j.internal.DownloadSourcesJob - Could not download javadoc for de.codecentric:spring-boot-admin-starter-client:3.x.x
org.eclipse.core.runtime.CoreException: Could not resolve artifact de.codecentric:spring-boot-admin-starter-client:jar:javadoc:3.x.x
	at org.eclipse.m2e.core.internal.embedder.MavenImpl.lambda$6(MavenImpl.java:587)
	at org.eclipse.m2e.core.internal.embedder.MavenExecutionContext.executeBare(MavenExecutionContext.java:364)
	at org.eclipse.m2e.core.internal.embedder.MavenExecutionContext.execute(MavenExecutionContext.java:227)
	at org.eclipse.m2e.core.internal.embedder.MavenExecutionContext.execute(MavenExecutionContext.java:213)
	at org.eclipse.m2e.core.internal.embedder.MavenImpl.resolve(MavenImpl.java:556)
	at org.eclipse.m2e.core.internal.embedder.MavenImpl.resolve(MavenImpl.java:541)
	at org.eclipse.m2e.jdt.internal.DownloadSourcesJob.download(DownloadSourcesJob.java:308)
	at org.eclipse.m2e.jdt.internal.DownloadSourcesJob.downloadAttachments(DownloadSourcesJob.java:294)
	at org.eclipse.m2e.jdt.internal.DownloadSourcesJob.downloadMaven(DownloadSourcesJob.java:252)
	at org.eclipse.m2e.jdt.internal.DownloadSourcesJob.downloadFilesAndPopulateToUpdate(DownloadSourcesJob.java:220)
	at org.eclipse.m2e.jdt.internal.DownloadSourcesJob.lambda$0(DownloadSourcesJob.java:149)
	at org.eclipse.m2e.core.internal.embedder.MavenExecutionContext.executeBare(MavenExecutionContext.java:364)
	at org.eclipse.m2e.core.internal.embedder.MavenExecutionContext.execute(MavenExecutionContext.java:274)
	at org.eclipse.m2e.core.internal.embedder.MavenExecutionContext.execute(MavenExecutionContext.java:213)
	at org.eclipse.m2e.core.embedder.IMaven.execute(IMaven.java:294)
	at org.eclipse.m2e.jdt.internal.DownloadSourcesJob.run(DownloadSourcesJob.java:149)
	at org.eclipse.core.internal.jobs.Worker.run(Worker.java:63)
2025-07-10 13:49:39,156 [Worker-19: Launching 05-Product_Service - Application] INFO  o.e.m.c.i.l.LifecycleMappingFactory - Using org.eclipse.m2e.jdt.JarLifecycleMapping lifecycle mapping for MavenProject: com.thetiebar:05-Product_Service:0.0.1-SNAPSHOT @ C:\Pravin\TheTileBar\05-Product_Service\pom.xml.
2025-07-10 13:49:39,633 [Worker-16: Updating Maven Project] INFO  o.e.m.c.i.p.ProjectConfigurationManager - Update started
2025-07-10 13:49:39,761 [Worker-16: Updating Maven Project] INFO  o.e.m.c.i.l.LifecycleMappingFactory - Using org.eclipse.m2e.jdt.JarLifecycleMapping lifecycle mapping for MavenProject: com.thetiebar:05-Product_Service:0.0.1-SNAPSHOT @ C:\Pravin\TheTileBar\05-Product_Service\pom.xml.
2025-07-10 13:49:40,171 [Worker-16: Updating Maven Project] INFO  o.e.m.j.i.AbstractJavaProjectConfigurator - Adding resource folder /05-Product_Service/src/main/resources
2025-07-10 13:49:40,171 [Worker-16: Updating Maven Project] INFO  o.e.m.j.i.AbstractJavaProjectConfigurator - Adding resource folder /05-Product_Service/src/main/resources
2025-07-10 13:49:40,189 [Worker-16: Updating Maven Project] WARN  o.e.m.c.i.embedder.EclipseLogger - The POM for org.projectlombok:lombok:jar: is missing, no dependency information available
2025-07-10 13:49:40,191 [Worker-16: Updating Maven Project] ERROR o.e.m.a.i.u.PluginDependencyResolver - Unable to collect dependencies for plugin
org.eclipse.aether.resolution.DependencyResolutionException: org.projectlombok:lombok:jar: was not found in https://repo.maven.apache.org/maven2 during a previous attempt. This failure was cached in the local repository and resolution is not reattempted until the update interval of central has elapsed or updates are forced
	at org.eclipse.aether.internal.impl.DefaultRepositorySystem.resolveDependencies(DefaultRepositorySystem.java:357)
	at org.eclipse.m2e.apt.internal.utils.PluginDependencyResolver.getResolvedPluginDependencies(PluginDependencyResolver.java:106)
	at org.eclipse.m2e.apt.internal.compiler.MavenCompilerJdtAptDelegate.getAnnotationProcessorConfiguration(MavenCompilerJdtAptDelegate.java:172)
	at org.eclipse.m2e.apt.internal.AbstractAptConfiguratorDelegate.configureClasspath(AbstractAptConfiguratorDelegate.java:255)
	at org.eclipse.m2e.apt.internal.AbstractAptProjectConfigurator.lambda$1(AbstractAptProjectConfigurator.java:156)
	at org.eclipse.m2e.core.internal.embedder.MavenExecutionContext.executeBare(MavenExecutionContext.java:364)
	at org.eclipse.m2e.core.internal.embedder.MavenExecutionContext.execute(MavenExecutionContext.java:274)
	at org.eclipse.m2e.core.internal.embedder.MavenExecutionContext.execute(MavenExecutionContext.java:213)
	at org.eclipse.m2e.apt.internal.AbstractAptProjectConfigurator.configureRawClasspath(AbstractAptProjectConfigurator.java:150)
	at org.eclipse.m2e.jdt.internal.AbstractJavaProjectConfigurator.invokeJavaProjectConfigurators(AbstractJavaProjectConfigurator.java:227)
	at org.eclipse.m2e.jdt.internal.AbstractJavaProjectConfigurator.configure(AbstractJavaProjectConfigurator.java:186)
	at org.eclipse.m2e.core.project.configurator.AbstractLifecycleMapping.configure(AbstractLifecycleMapping.java:123)
	at org.eclipse.m2e.core.internal.project.ProjectConfigurationManager.lambda$6(ProjectConfigurationManager.java:494)
	at org.eclipse.m2e.core.internal.embedder.MavenExecutionContext.executeBare(MavenExecutionContext.java:364)
	at org.eclipse.m2e.core.internal.embedder.MavenExecutionContext.execute(MavenExecutionContext.java:274)
	at org.eclipse.m2e.core.internal.project.ProjectConfigurationManager.updateProjectConfiguration(ProjectConfigurationManager.java:488)
	at org.eclipse.m2e.core.internal.project.ProjectConfigurationManager.lambda$4(ProjectConfigurationManager.java:416)
	at java.base/java.util.Collection.removeIf(Collection.java:576)
	at org.eclipse.m2e.core.internal.project.ProjectConfigurationManager.updateProjectConfiguration0(ProjectConfigurationManager.java:410)
	at org.eclipse.m2e.core.internal.project.ProjectConfigurationManager.lambda$3(ProjectConfigurationManager.java:340)
	at org.eclipse.m2e.core.internal.embedder.MavenExecutionContext.executeBare(MavenExecutionContext.java:364)
	at org.eclipse.m2e.core.internal.embedder.MavenExecutionContext.execute(MavenExecutionContext.java:274)
	at org.eclipse.m2e.core.internal.embedder.MavenExecutionContext.execute(MavenExecutionContext.java:213)
	at org.eclipse.m2e.core.internal.embedder.MavenImpl.execute(MavenImpl.java:1102)
	at org.eclipse.m2e.core.internal.project.ProjectConfigurationManager.updateProjectConfiguration(ProjectConfigurationManager.java:339)
	at org.eclipse.m2e.core.ui.internal.UpdateMavenProjectJob.runInWorkspace(UpdateMavenProjectJob.java:80)
	at org.eclipse.core.internal.resources.InternalWorkspaceJob.run(InternalWorkspaceJob.java:43)
	at org.eclipse.core.internal.jobs.Worker.run(Worker.java:63)
Caused by: org.eclipse.aether.resolution.ArtifactResolutionException: org.projectlombok:lombok:jar: was not found in https://repo.maven.apache.org/maven2 during a previous attempt. This failure was cached in the local repository and resolution is not reattempted until the update interval of central has elapsed or updates are forced
	at org.eclipse.aether.internal.impl.DefaultArtifactResolver.resolve(DefaultArtifactResolver.java:425)
	at org.eclipse.aether.internal.impl.DefaultArtifactResolver.resolveArtifacts(DefaultArtifactResolver.java:229)
	at org.eclipse.aether.internal.impl.DefaultRepositorySystem.resolveDependencies(DefaultRepositorySystem.java:340)
	... 27 common frames omitted
Caused by: org.eclipse.aether.transfer.ArtifactNotFoundException: org.projectlombok:lombok:jar: was not found in https://repo.maven.apache.org/maven2 during a previous attempt. This failure was cached in the local repository and resolution is not reattempted until the update interval of central has elapsed or updates are forced
	at org.eclipse.aether.internal.impl.DefaultUpdateCheckManager.newException(DefaultUpdateCheckManager.java:217)
	at org.eclipse.aether.internal.impl.DefaultUpdateCheckManager.checkArtifact(DefaultUpdateCheckManager.java:189)
	at org.eclipse.aether.internal.impl.DefaultArtifactResolver.gatherDownloads(DefaultArtifactResolver.java:574)
	at org.eclipse.aether.internal.impl.DefaultArtifactResolver.performDownloads(DefaultArtifactResolver.java:484)
	at org.eclipse.aether.internal.impl.DefaultArtifactResolver.resolve(DefaultArtifactResolver.java:402)
	... 29 common frames omitted
2025-07-10 13:49:40,192 [Worker-16: Updating Maven Project] INFO  o.e.m.c.i.p.ProjectConfigurationManager - Update completed for 1 poms: local refresh takes 0.00 sec, refresh facades takes 0.00 sec, update config takes 0.00 sec 
2025-07-10 13:51:37,171 [Worker-20: Updating Maven Project] INFO  o.e.m.c.i.p.ProjectConfigurationManager - Update started
2025-07-10 13:51:37,367 [Worker-20: Updating Maven Project] INFO  o.e.m.c.i.l.LifecycleMappingFactory - Using org.eclipse.m2e.jdt.JarLifecycleMapping lifecycle mapping for MavenProject: com.thetiebar:05-Product_Service:0.0.1-SNAPSHOT @ C:\Pravin\TheTileBar\05-Product_Service\pom.xml.
2025-07-10 13:51:37,834 [Worker-20: Updating Maven Project] INFO  o.e.m.j.i.AbstractJavaProjectConfigurator - Adding source folder /05-Product_Service/src/main/java
2025-07-10 13:51:37,834 [Worker-20: Updating Maven Project] INFO  o.e.m.j.i.AbstractJavaProjectConfigurator - Adding resource folder /05-Product_Service/src/main/resources
2025-07-10 13:51:37,834 [Worker-20: Updating Maven Project] INFO  o.e.m.j.i.AbstractJavaProjectConfigurator - Adding resource folder /05-Product_Service/src/main/resources
2025-07-10 13:51:37,835 [Worker-20: Updating Maven Project] INFO  o.e.m.j.i.AbstractJavaProjectConfigurator - Adding source folder /05-Product_Service/src/test/java
2025-07-10 13:51:38,117 [Worker-20: Updating Maven Project] INFO  o.e.m.c.i.e.AbstractTransferListenerAdapter - Downloaded https://repo.maven.apache.org/maven2/org/projectlombok/lombok//lombok-.pom
2025-07-10 13:51:38,118 [Worker-20: Updating Maven Project] WARN  o.e.m.c.i.embedder.EclipseLogger - The POM for org.projectlombok:lombok:jar: is missing, no dependency information available
2025-07-10 13:51:38,328 [Worker-20: Updating Maven Project] INFO  o.e.m.c.i.e.AbstractTransferListenerAdapter - Downloaded https://repo.maven.apache.org/maven2/org/projectlombok/lombok//lombok-.jar
2025-07-10 13:51:38,329 [Worker-20: Updating Maven Project] ERROR o.e.m.a.i.u.PluginDependencyResolver - Unable to collect dependencies for plugin
org.eclipse.aether.resolution.DependencyResolutionException: Could not find artifact org.projectlombok:lombok:jar: in central (https://repo.maven.apache.org/maven2)
	at org.eclipse.aether.internal.impl.DefaultRepositorySystem.resolveDependencies(DefaultRepositorySystem.java:357)
	at org.eclipse.m2e.apt.internal.utils.PluginDependencyResolver.getResolvedPluginDependencies(PluginDependencyResolver.java:106)
	at org.eclipse.m2e.apt.internal.compiler.MavenCompilerJdtAptDelegate.getAnnotationProcessorConfiguration(MavenCompilerJdtAptDelegate.java:172)
	at org.eclipse.m2e.apt.internal.AbstractAptConfiguratorDelegate.configureClasspath(AbstractAptConfiguratorDelegate.java:255)
	at org.eclipse.m2e.apt.internal.AbstractAptProjectConfigurator.lambda$1(AbstractAptProjectConfigurator.java:156)
	at org.eclipse.m2e.core.internal.embedder.MavenExecutionContext.executeBare(MavenExecutionContext.java:364)
	at org.eclipse.m2e.core.internal.embedder.MavenExecutionContext.execute(MavenExecutionContext.java:274)
	at org.eclipse.m2e.core.internal.embedder.MavenExecutionContext.execute(MavenExecutionContext.java:213)
	at org.eclipse.m2e.apt.internal.AbstractAptProjectConfigurator.configureRawClasspath(AbstractAptProjectConfigurator.java:150)
	at org.eclipse.m2e.jdt.internal.AbstractJavaProjectConfigurator.invokeJavaProjectConfigurators(AbstractJavaProjectConfigurator.java:227)
	at org.eclipse.m2e.jdt.internal.AbstractJavaProjectConfigurator.configure(AbstractJavaProjectConfigurator.java:186)
	at org.eclipse.m2e.core.project.configurator.AbstractLifecycleMapping.configure(AbstractLifecycleMapping.java:123)
	at org.eclipse.m2e.core.internal.project.ProjectConfigurationManager.lambda$6(ProjectConfigurationManager.java:494)
	at org.eclipse.m2e.core.internal.embedder.MavenExecutionContext.executeBare(MavenExecutionContext.java:364)
	at org.eclipse.m2e.core.internal.embedder.MavenExecutionContext.execute(MavenExecutionContext.java:274)
	at org.eclipse.m2e.core.internal.project.ProjectConfigurationManager.updateProjectConfiguration(ProjectConfigurationManager.java:488)
	at org.eclipse.m2e.core.internal.project.ProjectConfigurationManager.lambda$4(ProjectConfigurationManager.java:416)
	at java.base/java.util.Collection.removeIf(Collection.java:576)
	at org.eclipse.m2e.core.internal.project.ProjectConfigurationManager.updateProjectConfiguration0(ProjectConfigurationManager.java:410)
	at org.eclipse.m2e.core.internal.project.ProjectConfigurationManager.lambda$3(ProjectConfigurationManager.java:340)
	at org.eclipse.m2e.core.internal.embedder.MavenExecutionContext.executeBare(MavenExecutionContext.java:364)
	at org.eclipse.m2e.core.internal.embedder.MavenExecutionContext.execute(MavenExecutionContext.java:274)
	at org.eclipse.m2e.core.internal.embedder.MavenExecutionContext.execute(MavenExecutionContext.java:213)
	at org.eclipse.m2e.core.internal.embedder.MavenImpl.execute(MavenImpl.java:1102)
	at org.eclipse.m2e.core.internal.project.ProjectConfigurationManager.updateProjectConfiguration(ProjectConfigurationManager.java:339)
	at org.eclipse.m2e.core.ui.internal.UpdateMavenProjectJob.runInWorkspace(UpdateMavenProjectJob.java:80)
	at org.eclipse.core.internal.resources.InternalWorkspaceJob.run(InternalWorkspaceJob.java:43)
	at org.eclipse.core.internal.jobs.Worker.run(Worker.java:63)
Caused by: org.eclipse.aether.resolution.ArtifactResolutionException: Could not find artifact org.projectlombok:lombok:jar: in central (https://repo.maven.apache.org/maven2)
	at org.eclipse.aether.internal.impl.DefaultArtifactResolver.resolve(DefaultArtifactResolver.java:425)
	at org.eclipse.aether.internal.impl.DefaultArtifactResolver.resolveArtifacts(DefaultArtifactResolver.java:229)
	at org.eclipse.aether.internal.impl.DefaultRepositorySystem.resolveDependencies(DefaultRepositorySystem.java:340)
	... 27 common frames omitted
Caused by: org.eclipse.aether.transfer.ArtifactNotFoundException: Could not find artifact org.projectlombok:lombok:jar: in central (https://repo.maven.apache.org/maven2)
	at io.takari.aether.connector.AetherRepositoryConnector$2.wrap(AetherRepositoryConnector.java:887)
	at io.takari.aether.connector.AetherRepositoryConnector$2.wrap(AetherRepositoryConnector.java:1)
	at io.takari.aether.connector.AetherRepositoryConnector$GetTask.flush(AetherRepositoryConnector.java:659)
	at io.takari.aether.connector.AetherRepositoryConnector.get(AetherRepositoryConnector.java:337)
	at org.eclipse.aether.internal.impl.DefaultArtifactResolver.performDownloads(DefaultArtifactResolver.java:514)
	at org.eclipse.aether.internal.impl.DefaultArtifactResolver.resolve(DefaultArtifactResolver.java:402)
	... 29 common frames omitted
2025-07-10 13:51:38,331 [Worker-20: Updating Maven Project] INFO  o.e.m.c.i.p.ProjectConfigurationManager - Update completed for 1 poms: local refresh takes 0.00 sec, refresh facades takes 0.00 sec, update config takes 0.00 sec 
2025-07-10 13:51:38,998 [Worker-19: Download sources and javadoc] INFO  o.e.m.c.i.e.AbstractTransferListenerAdapter - Downloaded https://repo.maven.apache.org/maven2/de/codecentric/spring-boot-admin-starter-client/3.4.5/spring-boot-admin-starter-client-3.4.5-sources.jar
2025-07-10 13:51:39,001 [Worker-19: Download sources and javadoc] ERROR o.e.m.j.internal.DownloadSourcesJob - Could not download sources for de.codecentric:spring-boot-admin-starter-client:3.4.5
org.eclipse.core.runtime.CoreException: Could not resolve artifact de.codecentric:spring-boot-admin-starter-client:jar:sources:3.4.5
	at org.eclipse.m2e.core.internal.embedder.MavenImpl.lambda$6(MavenImpl.java:587)
	at org.eclipse.m2e.core.internal.embedder.MavenExecutionContext.executeBare(MavenExecutionContext.java:364)
	at org.eclipse.m2e.core.internal.embedder.MavenExecutionContext.execute(MavenExecutionContext.java:227)
	at org.eclipse.m2e.core.internal.embedder.MavenExecutionContext.execute(MavenExecutionContext.java:213)
	at org.eclipse.m2e.core.internal.embedder.MavenImpl.resolve(MavenImpl.java:556)
	at org.eclipse.m2e.core.internal.embedder.MavenImpl.resolve(MavenImpl.java:541)
	at org.eclipse.m2e.jdt.internal.DownloadSourcesJob.download(DownloadSourcesJob.java:308)
	at org.eclipse.m2e.jdt.internal.DownloadSourcesJob.downloadAttachments(DownloadSourcesJob.java:282)
	at org.eclipse.m2e.jdt.internal.DownloadSourcesJob.downloadMaven(DownloadSourcesJob.java:252)
	at org.eclipse.m2e.jdt.internal.DownloadSourcesJob.downloadFilesAndPopulateToUpdate(DownloadSourcesJob.java:220)
	at org.eclipse.m2e.jdt.internal.DownloadSourcesJob.lambda$0(DownloadSourcesJob.java:149)
	at org.eclipse.m2e.core.internal.embedder.MavenExecutionContext.executeBare(MavenExecutionContext.java:364)
	at org.eclipse.m2e.core.internal.embedder.MavenExecutionContext.execute(MavenExecutionContext.java:274)
	at org.eclipse.m2e.core.internal.embedder.MavenExecutionContext.execute(MavenExecutionContext.java:213)
	at org.eclipse.m2e.core.embedder.IMaven.execute(IMaven.java:294)
	at org.eclipse.m2e.jdt.internal.DownloadSourcesJob.run(DownloadSourcesJob.java:149)
	at org.eclipse.core.internal.jobs.Worker.run(Worker.java:63)
2025-07-10 13:51:39,048 [Worker-19: Download sources and javadoc] INFO  o.e.m.c.i.e.AbstractTransferListenerAdapter - Downloading https://repo.maven.apache.org/maven2/de/codecentric/spring-boot-admin-client/3.4.5/spring-boot-admin-client-3.4.5-sources.jar
2025-07-10 13:51:39,602 [Worker-19: Download sources and javadoc] INFO  o.e.m.c.i.e.AbstractTransferListenerAdapter - Downloaded https://repo.maven.apache.org/maven2/de/codecentric/spring-boot-admin-client/3.4.5/spring-boot-admin-client-3.4.5-sources.jar
2025-07-10 13:51:39,609 [Worker-19: Download sources and javadoc] INFO  o.e.m.j.internal.DownloadSourcesJob - Downloaded sources for de.codecentric:spring-boot-admin-client:3.4.5
2025-07-10 13:54:24,652 [main] INFO  o.e.m2e.actions.ExecutePomAction - Creating new launch configuration
2025-07-10 13:54:46,975 [Worker-26: Launching 05-Product_Service] INFO  o.eclipse.m2e.core.internal.Bundles - getClasspathEntries(Bundle=org.eclipse.m2e.maven.runtime_3.8.604.20221130-2149 [345])
2025-07-10 13:54:46,990 [Worker-26: Launching 05-Product_Service] INFO  o.eclipse.m2e.core.internal.Bundles - 	Entry: C:\Users\pavan\Downloads\sts-4.17.1.RELEASE\plugins\org.eclipse.m2e.maven.runtime_3.8.604.20221130-2149
2025-07-10 13:54:46,991 [Worker-26: Launching 05-Product_Service] INFO  o.eclipse.m2e.core.internal.Bundles - 	Entry: C:\Users\pavan\Downloads\sts-4.17.1.RELEASE\plugins\org.eclipse.m2e.maven.runtime_3.8.604.20221130-2149\jars\aether-connector-okhttp-0.17.8.jar
2025-07-10 13:54:46,991 [Worker-26: Launching 05-Product_Service] INFO  o.eclipse.m2e.core.internal.Bundles - 	Entry: C:\Users\pavan\Downloads\sts-4.17.1.RELEASE\plugins\org.eclipse.m2e.maven.runtime_3.8.604.20221130-2149\jars\commons-cli-1.4.jar
2025-07-10 13:54:46,991 [Worker-26: Launching 05-Product_Service] INFO  o.eclipse.m2e.core.internal.Bundles - 	Entry: C:\Users\pavan\Downloads\sts-4.17.1.RELEASE\plugins\org.eclipse.m2e.maven.runtime_3.8.604.20221130-2149\jars\commons-io-2.6.jar
2025-07-10 13:54:46,992 [Worker-26: Launching 05-Product_Service] INFO  o.eclipse.m2e.core.internal.Bundles - 	Entry: C:\Users\pavan\Downloads\sts-4.17.1.RELEASE\plugins\org.eclipse.m2e.maven.runtime_3.8.604.20221130-2149\jars\commons-lang3-3.8.1.jar
2025-07-10 13:54:46,992 [Worker-26: Launching 05-Product_Service] INFO  o.eclipse.m2e.core.internal.Bundles - 	Entry: C:\Users\pavan\Downloads\sts-4.17.1.RELEASE\plugins\org.eclipse.m2e.maven.runtime_3.8.604.20221130-2149\jars\guice-4.2.2-no_aop.jar
2025-07-10 13:54:46,992 [Worker-26: Launching 05-Product_Service] INFO  o.eclipse.m2e.core.internal.Bundles - 	Entry: C:\Users\pavan\Downloads\sts-4.17.1.RELEASE\plugins\org.eclipse.m2e.maven.runtime_3.8.604.20221130-2149\jars\jansi-2.4.0.jar
2025-07-10 13:54:46,992 [Worker-26: Launching 05-Product_Service] INFO  o.eclipse.m2e.core.internal.Bundles - 	Entry: C:\Users\pavan\Downloads\sts-4.17.1.RELEASE\plugins\org.eclipse.m2e.maven.runtime_3.8.604.20221130-2149\jars\maven-artifact-3.8.6.jar
2025-07-10 13:54:46,993 [Worker-26: Launching 05-Product_Service] INFO  o.eclipse.m2e.core.internal.Bundles - 	Entry: C:\Users\pavan\Downloads\sts-4.17.1.RELEASE\plugins\org.eclipse.m2e.maven.runtime_3.8.604.20221130-2149\jars\maven-builder-support-3.8.6.jar
2025-07-10 13:54:46,993 [Worker-26: Launching 05-Product_Service] INFO  o.eclipse.m2e.core.internal.Bundles - 	Entry: C:\Users\pavan\Downloads\sts-4.17.1.RELEASE\plugins\org.eclipse.m2e.maven.runtime_3.8.604.20221130-2149\jars\maven-compat-3.8.6.jar
2025-07-10 13:54:46,993 [Worker-26: Launching 05-Product_Service] INFO  o.eclipse.m2e.core.internal.Bundles - 	Entry: C:\Users\pavan\Downloads\sts-4.17.1.RELEASE\plugins\org.eclipse.m2e.maven.runtime_3.8.604.20221130-2149\jars\maven-core-3.8.6.jar
2025-07-10 13:54:46,993 [Worker-26: Launching 05-Product_Service] INFO  o.eclipse.m2e.core.internal.Bundles - 	Entry: C:\Users\pavan\Downloads\sts-4.17.1.RELEASE\plugins\org.eclipse.m2e.maven.runtime_3.8.604.20221130-2149\jars\maven-embedder-3.8.6.jar
2025-07-10 13:54:46,993 [Worker-26: Launching 05-Product_Service] INFO  o.eclipse.m2e.core.internal.Bundles - 	Entry: C:\Users\pavan\Downloads\sts-4.17.1.RELEASE\plugins\org.eclipse.m2e.maven.runtime_3.8.604.20221130-2149\jars\maven-model-3.8.6.jar
2025-07-10 13:54:46,994 [Worker-26: Launching 05-Product_Service] INFO  o.eclipse.m2e.core.internal.Bundles - 	Entry: C:\Users\pavan\Downloads\sts-4.17.1.RELEASE\plugins\org.eclipse.m2e.maven.runtime_3.8.604.20221130-2149\jars\maven-model-builder-3.8.6.jar
2025-07-10 13:54:46,994 [Worker-26: Launching 05-Product_Service] INFO  o.eclipse.m2e.core.internal.Bundles - 	Entry: C:\Users\pavan\Downloads\sts-4.17.1.RELEASE\plugins\org.eclipse.m2e.maven.runtime_3.8.604.20221130-2149\jars\maven-plugin-api-3.8.6.jar
2025-07-10 13:54:46,994 [Worker-26: Launching 05-Product_Service] INFO  o.eclipse.m2e.core.internal.Bundles - 	Entry: C:\Users\pavan\Downloads\sts-4.17.1.RELEASE\plugins\org.eclipse.m2e.maven.runtime_3.8.604.20221130-2149\jars\maven-repository-metadata-3.8.6.jar
2025-07-10 13:54:46,994 [Worker-26: Launching 05-Product_Service] INFO  o.eclipse.m2e.core.internal.Bundles - 	Entry: C:\Users\pavan\Downloads\sts-4.17.1.RELEASE\plugins\org.eclipse.m2e.maven.runtime_3.8.604.20221130-2149\jars\maven-resolver-api-1.6.3.jar
2025-07-10 13:54:46,995 [Worker-26: Launching 05-Product_Service] INFO  o.eclipse.m2e.core.internal.Bundles - 	Entry: C:\Users\pavan\Downloads\sts-4.17.1.RELEASE\plugins\org.eclipse.m2e.maven.runtime_3.8.604.20221130-2149\jars\maven-resolver-connector-basic-1.6.3.jar
2025-07-10 13:54:46,995 [Worker-26: Launching 05-Product_Service] INFO  o.eclipse.m2e.core.internal.Bundles - 	Entry: C:\Users\pavan\Downloads\sts-4.17.1.RELEASE\plugins\org.eclipse.m2e.maven.runtime_3.8.604.20221130-2149\jars\maven-resolver-impl-1.6.3.jar
2025-07-10 13:54:46,995 [Worker-26: Launching 05-Product_Service] INFO  o.eclipse.m2e.core.internal.Bundles - 	Entry: C:\Users\pavan\Downloads\sts-4.17.1.RELEASE\plugins\org.eclipse.m2e.maven.runtime_3.8.604.20221130-2149\jars\maven-resolver-provider-3.8.6.jar
2025-07-10 13:54:46,995 [Worker-26: Launching 05-Product_Service] INFO  o.eclipse.m2e.core.internal.Bundles - 	Entry: C:\Users\pavan\Downloads\sts-4.17.1.RELEASE\plugins\org.eclipse.m2e.maven.runtime_3.8.604.20221130-2149\jars\maven-resolver-spi-1.6.3.jar
2025-07-10 13:54:46,996 [Worker-26: Launching 05-Product_Service] INFO  o.eclipse.m2e.core.internal.Bundles - 	Entry: C:\Users\pavan\Downloads\sts-4.17.1.RELEASE\plugins\org.eclipse.m2e.maven.runtime_3.8.604.20221130-2149\jars\maven-resolver-transport-wagon-1.6.3.jar
2025-07-10 13:54:46,996 [Worker-26: Launching 05-Product_Service] INFO  o.eclipse.m2e.core.internal.Bundles - 	Entry: C:\Users\pavan\Downloads\sts-4.17.1.RELEASE\plugins\org.eclipse.m2e.maven.runtime_3.8.604.20221130-2149\jars\maven-resolver-util-1.6.3.jar
2025-07-10 13:54:46,996 [Worker-26: Launching 05-Product_Service] INFO  o.eclipse.m2e.core.internal.Bundles - 	Entry: C:\Users\pavan\Downloads\sts-4.17.1.RELEASE\plugins\org.eclipse.m2e.maven.runtime_3.8.604.20221130-2149\jars\maven-settings-3.8.6.jar
2025-07-10 13:54:46,996 [Worker-26: Launching 05-Product_Service] INFO  o.eclipse.m2e.core.internal.Bundles - 	Entry: C:\Users\pavan\Downloads\sts-4.17.1.RELEASE\plugins\org.eclipse.m2e.maven.runtime_3.8.604.20221130-2149\jars\maven-settings-builder-3.8.6.jar
2025-07-10 13:54:46,996 [Worker-26: Launching 05-Product_Service] INFO  o.eclipse.m2e.core.internal.Bundles - 	Entry: C:\Users\pavan\Downloads\sts-4.17.1.RELEASE\plugins\org.eclipse.m2e.maven.runtime_3.8.604.20221130-2149\jars\maven-shared-utils-3.3.4.jar
2025-07-10 13:54:46,997 [Worker-26: Launching 05-Product_Service] INFO  o.eclipse.m2e.core.internal.Bundles - 	Entry: C:\Users\pavan\Downloads\sts-4.17.1.RELEASE\plugins\org.eclipse.m2e.maven.runtime_3.8.604.20221130-2149\jars\okhttp-3.14.1.jar
2025-07-10 13:54:46,997 [Worker-26: Launching 05-Product_Service] INFO  o.eclipse.m2e.core.internal.Bundles - 	Entry: C:\Users\pavan\Downloads\sts-4.17.1.RELEASE\plugins\org.eclipse.m2e.maven.runtime_3.8.604.20221130-2149\jars\okio-1.17.3.jar
2025-07-10 13:54:46,997 [Worker-26: Launching 05-Product_Service] INFO  o.eclipse.m2e.core.internal.Bundles - 	Entry: C:\Users\pavan\Downloads\sts-4.17.1.RELEASE\plugins\org.eclipse.m2e.maven.runtime_3.8.604.20221130-2149\jars\org.eclipse.sisu.inject-0.3.5.jar
2025-07-10 13:54:46,997 [Worker-26: Launching 05-Product_Service] INFO  o.eclipse.m2e.core.internal.Bundles - 	Entry: C:\Users\pavan\Downloads\sts-4.17.1.RELEASE\plugins\org.eclipse.m2e.maven.runtime_3.8.604.20221130-2149\jars\org.eclipse.sisu.plexus-0.3.5.jar
2025-07-10 13:54:46,997 [Worker-26: Launching 05-Product_Service] INFO  o.eclipse.m2e.core.internal.Bundles - 	Entry: C:\Users\pavan\Downloads\sts-4.17.1.RELEASE\plugins\org.eclipse.m2e.maven.runtime_3.8.604.20221130-2149\jars\plexus-build-api-0.0.7.jar
2025-07-10 13:54:46,998 [Worker-26: Launching 05-Product_Service] INFO  o.eclipse.m2e.core.internal.Bundles - 	Entry: C:\Users\pavan\Downloads\sts-4.17.1.RELEASE\plugins\org.eclipse.m2e.maven.runtime_3.8.604.20221130-2149\jars\plexus-cipher-2.0.jar
2025-07-10 13:54:46,998 [Worker-26: Launching 05-Product_Service] INFO  o.eclipse.m2e.core.internal.Bundles - 	Entry: C:\Users\pavan\Downloads\sts-4.17.1.RELEASE\plugins\org.eclipse.m2e.maven.runtime_3.8.604.20221130-2149\jars\plexus-classworlds-2.6.0.jar
2025-07-10 13:54:46,998 [Worker-26: Launching 05-Product_Service] INFO  o.eclipse.m2e.core.internal.Bundles - 	Entry: C:\Users\pavan\Downloads\sts-4.17.1.RELEASE\plugins\org.eclipse.m2e.maven.runtime_3.8.604.20221130-2149\jars\plexus-component-annotations-2.1.0.jar
2025-07-10 13:54:46,998 [Worker-26: Launching 05-Product_Service] INFO  o.eclipse.m2e.core.internal.Bundles - 	Entry: C:\Users\pavan\Downloads\sts-4.17.1.RELEASE\plugins\org.eclipse.m2e.maven.runtime_3.8.604.20221130-2149\jars\plexus-interpolation-1.26.jar
2025-07-10 13:54:46,998 [Worker-26: Launching 05-Product_Service] INFO  o.eclipse.m2e.core.internal.Bundles - 	Entry: C:\Users\pavan\Downloads\sts-4.17.1.RELEASE\plugins\org.eclipse.m2e.maven.runtime_3.8.604.20221130-2149\jars\plexus-sec-dispatcher-2.0.jar
2025-07-10 13:54:46,998 [Worker-26: Launching 05-Product_Service] INFO  o.eclipse.m2e.core.internal.Bundles - 	Entry: C:\Users\pavan\Downloads\sts-4.17.1.RELEASE\plugins\org.eclipse.m2e.maven.runtime_3.8.604.20221130-2149\jars\plexus-utils-3.3.1.jar
2025-07-10 13:54:46,999 [Worker-26: Launching 05-Product_Service] INFO  o.eclipse.m2e.core.internal.Bundles - 	Entry: C:\Users\pavan\Downloads\sts-4.17.1.RELEASE\plugins\org.eclipse.m2e.maven.runtime_3.8.604.20221130-2149\jars\wagon-file-3.5.1.jar
2025-07-10 13:54:46,999 [Worker-26: Launching 05-Product_Service] INFO  o.eclipse.m2e.core.internal.Bundles - 	Entry: C:\Users\pavan\Downloads\sts-4.17.1.RELEASE\plugins\org.eclipse.m2e.maven.runtime_3.8.604.20221130-2149\jars\wagon-provider-api-3.5.1.jar
2025-07-10 13:54:47,000 [Worker-26: Launching 05-Product_Service] INFO  o.eclipse.m2e.core.internal.Bundles - getClasspathEntries(Bundle=com.google.guava_30.1.0.v20221112-0806 [22])
2025-07-10 13:54:47,019 [Worker-26: Launching 05-Product_Service] INFO  o.eclipse.m2e.core.internal.Bundles - 	Entry: C:\Users\pavan\Downloads\sts-4.17.1.RELEASE\plugins\com.google.guava_30.1.0.v20221112-0806.jar
2025-07-10 13:54:47,019 [Worker-26: Launching 05-Product_Service] INFO  o.eclipse.m2e.core.internal.Bundles - getClasspathEntries(Bundle=slf4j.api_1.7.36 [584])
2025-07-10 13:54:47,020 [Worker-26: Launching 05-Product_Service] INFO  o.eclipse.m2e.core.internal.Bundles - 	Entry: C:\Users\pavan\Downloads\sts-4.17.1.RELEASE\plugins\slf4j.api_1.7.36.jar
2025-07-10 13:54:47,020 [Worker-26: Launching 05-Product_Service] INFO  o.eclipse.m2e.core.internal.Bundles - getClasspathEntries(Bundle=javax.inject_1.0.0.v20220405-0441 [49])
2025-07-10 13:54:47,191 [Worker-26: Launching 05-Product_Service] INFO  o.eclipse.m2e.core.internal.Bundles - 	Entry: C:\Users\pavan\Downloads\sts-4.17.1.RELEASE\plugins\javax.inject_1.0.0.v20220405-0441.jar
2025-07-10 13:54:47,191 [Worker-26: Launching 05-Product_Service] INFO  o.eclipse.m2e.core.internal.Bundles - getClasspathEntries(Bundle=javax.annotation_1.3.5.v20221112-0806 [47])
2025-07-10 13:54:47,193 [Worker-26: Launching 05-Product_Service] INFO  o.eclipse.m2e.core.internal.Bundles - 	Entry: C:\Users\pavan\Downloads\sts-4.17.1.RELEASE\plugins\javax.annotation_1.3.5.v20221112-0806.jar
2025-07-10 13:54:47,195 [Worker-26: Launching 05-Product_Service] INFO  o.e.m.i.launch.MavenLaunchDelegate - Run build in "C:\Pravin\TheTileBar\05-Product_Service":
2025-07-10 13:54:47,195 [Worker-26: Launching 05-Product_Service] INFO  o.e.m.i.launch.MavenLaunchDelegate -  mvn  -Ppom.xml -B -Dstyle.color=always clean package
2025-07-10 13:58:06,245 [Worker-32: Download sources and javadoc] INFO  o.e.m.c.i.e.AbstractTransferListenerAdapter - Downloaded https://repo.maven.apache.org/maven2/de/codecentric/spring-boot-admin-starter-client/3.4.5/spring-boot-admin-starter-client-3.4.5-javadoc.jar
2025-07-10 13:58:06,247 [Worker-32: Download sources and javadoc] ERROR o.e.m.j.internal.DownloadSourcesJob - Could not download javadoc for de.codecentric:spring-boot-admin-starter-client:3.4.5
org.eclipse.core.runtime.CoreException: Could not resolve artifact de.codecentric:spring-boot-admin-starter-client:jar:javadoc:3.4.5
	at org.eclipse.m2e.core.internal.embedder.MavenImpl.lambda$6(MavenImpl.java:587)
	at org.eclipse.m2e.core.internal.embedder.MavenExecutionContext.executeBare(MavenExecutionContext.java:364)
	at org.eclipse.m2e.core.internal.embedder.MavenExecutionContext.execute(MavenExecutionContext.java:227)
	at org.eclipse.m2e.core.internal.embedder.MavenExecutionContext.execute(MavenExecutionContext.java:213)
	at org.eclipse.m2e.core.internal.embedder.MavenImpl.resolve(MavenImpl.java:556)
	at org.eclipse.m2e.core.internal.embedder.MavenImpl.resolve(MavenImpl.java:541)
	at org.eclipse.m2e.jdt.internal.DownloadSourcesJob.download(DownloadSourcesJob.java:308)
	at org.eclipse.m2e.jdt.internal.DownloadSourcesJob.downloadAttachments(DownloadSourcesJob.java:294)
	at org.eclipse.m2e.jdt.internal.DownloadSourcesJob.downloadMaven(DownloadSourcesJob.java:252)
	at org.eclipse.m2e.jdt.internal.DownloadSourcesJob.downloadFilesAndPopulateToUpdate(DownloadSourcesJob.java:220)
	at org.eclipse.m2e.jdt.internal.DownloadSourcesJob.lambda$0(DownloadSourcesJob.java:149)
	at org.eclipse.m2e.core.internal.embedder.MavenExecutionContext.executeBare(MavenExecutionContext.java:364)
	at org.eclipse.m2e.core.internal.embedder.MavenExecutionContext.execute(MavenExecutionContext.java:274)
	at org.eclipse.m2e.core.internal.embedder.MavenExecutionContext.execute(MavenExecutionContext.java:213)
	at org.eclipse.m2e.core.embedder.IMaven.execute(IMaven.java:294)
	at org.eclipse.m2e.jdt.internal.DownloadSourcesJob.run(DownloadSourcesJob.java:149)
	at org.eclipse.core.internal.jobs.Worker.run(Worker.java:63)
2025-07-10 13:58:37,954 [main] INFO  o.e.m2e.actions.ExecutePomAction - Creating new launch configuration
2025-07-10 13:59:26,138 [Worker-30: Launching 05-Product_Service (1)] INFO  o.e.m.i.launch.MavenLaunchDelegate - Run build in "C:\Pravin\TheTileBar\05-Product_Service":
2025-07-10 13:59:26,138 [Worker-30: Launching 05-Product_Service (1)] INFO  o.e.m.i.launch.MavenLaunchDelegate -  mvn  -Ppom.xml -B -Dstyle.color=always clean package install
2025-07-10 14:08:05,671 [Worker-28: Updating Maven Project] INFO  o.e.m.c.i.p.ProjectConfigurationManager - Update started
2025-07-10 14:08:05,902 [Worker-28: Updating Maven Project] INFO  o.e.m.c.i.l.LifecycleMappingFactory - Using org.eclipse.m2e.jdt.JarLifecycleMapping lifecycle mapping for MavenProject: com.thetiebar:05-Product_Service:0.0.1-SNAPSHOT @ C:\Pravin\TheTileBar\05-Product_Service\pom.xml.
2025-07-10 14:08:08,679 [Worker-28: Updating Maven Project] INFO  o.e.m.j.i.AbstractJavaProjectConfigurator - Adding source folder /05-Product_Service/src/main/java
2025-07-10 14:08:08,679 [Worker-28: Updating Maven Project] INFO  o.e.m.j.i.AbstractJavaProjectConfigurator - Adding resource folder /05-Product_Service/src/main/resources
2025-07-10 14:08:08,679 [Worker-28: Updating Maven Project] INFO  o.e.m.j.i.AbstractJavaProjectConfigurator - Adding resource folder /05-Product_Service/src/main/resources
2025-07-10 14:08:08,679 [Worker-28: Updating Maven Project] INFO  o.e.m.j.i.AbstractJavaProjectConfigurator - Adding source folder /05-Product_Service/src/test/java
2025-07-10 14:08:09,247 [Worker-28: Updating Maven Project] INFO  o.e.m.c.i.e.AbstractTransferListenerAdapter - Downloaded https://repo.maven.apache.org/maven2/org/projectlombok/lombok//lombok-.pom
2025-07-10 14:08:09,250 [Worker-28: Updating Maven Project] WARN  o.e.m.c.i.embedder.EclipseLogger - The POM for org.projectlombok:lombok:jar: is missing, no dependency information available
2025-07-10 14:08:09,481 [Worker-28: Updating Maven Project] INFO  o.e.m.c.i.e.AbstractTransferListenerAdapter - Downloaded https://repo.maven.apache.org/maven2/org/projectlombok/lombok//lombok-.jar
2025-07-10 14:08:09,483 [Worker-28: Updating Maven Project] ERROR o.e.m.a.i.u.PluginDependencyResolver - Unable to collect dependencies for plugin
org.eclipse.aether.resolution.DependencyResolutionException: Could not find artifact org.projectlombok:lombok:jar: in central (https://repo.maven.apache.org/maven2)
	at org.eclipse.aether.internal.impl.DefaultRepositorySystem.resolveDependencies(DefaultRepositorySystem.java:357)
	at org.eclipse.m2e.apt.internal.utils.PluginDependencyResolver.getResolvedPluginDependencies(PluginDependencyResolver.java:106)
	at org.eclipse.m2e.apt.internal.compiler.MavenCompilerJdtAptDelegate.getAnnotationProcessorConfiguration(MavenCompilerJdtAptDelegate.java:172)
	at org.eclipse.m2e.apt.internal.AbstractAptConfiguratorDelegate.configureClasspath(AbstractAptConfiguratorDelegate.java:255)
	at org.eclipse.m2e.apt.internal.AbstractAptProjectConfigurator.lambda$1(AbstractAptProjectConfigurator.java:156)
	at org.eclipse.m2e.core.internal.embedder.MavenExecutionContext.executeBare(MavenExecutionContext.java:364)
	at org.eclipse.m2e.core.internal.embedder.MavenExecutionContext.execute(MavenExecutionContext.java:274)
	at org.eclipse.m2e.core.internal.embedder.MavenExecutionContext.execute(MavenExecutionContext.java:213)
	at org.eclipse.m2e.apt.internal.AbstractAptProjectConfigurator.configureRawClasspath(AbstractAptProjectConfigurator.java:150)
	at org.eclipse.m2e.jdt.internal.AbstractJavaProjectConfigurator.invokeJavaProjectConfigurators(AbstractJavaProjectConfigurator.java:227)
	at org.eclipse.m2e.jdt.internal.AbstractJavaProjectConfigurator.configure(AbstractJavaProjectConfigurator.java:186)
	at org.eclipse.m2e.core.project.configurator.AbstractLifecycleMapping.configure(AbstractLifecycleMapping.java:123)
	at org.eclipse.m2e.core.internal.project.ProjectConfigurationManager.lambda$6(ProjectConfigurationManager.java:494)
	at org.eclipse.m2e.core.internal.embedder.MavenExecutionContext.executeBare(MavenExecutionContext.java:364)
	at org.eclipse.m2e.core.internal.embedder.MavenExecutionContext.execute(MavenExecutionContext.java:274)
	at org.eclipse.m2e.core.internal.project.ProjectConfigurationManager.updateProjectConfiguration(ProjectConfigurationManager.java:488)
	at org.eclipse.m2e.core.internal.project.ProjectConfigurationManager.lambda$4(ProjectConfigurationManager.java:416)
	at java.base/java.util.Collection.removeIf(Collection.java:576)
	at org.eclipse.m2e.core.internal.project.ProjectConfigurationManager.updateProjectConfiguration0(ProjectConfigurationManager.java:410)
	at org.eclipse.m2e.core.internal.project.ProjectConfigurationManager.lambda$3(ProjectConfigurationManager.java:340)
	at org.eclipse.m2e.core.internal.embedder.MavenExecutionContext.executeBare(MavenExecutionContext.java:364)
	at org.eclipse.m2e.core.internal.embedder.MavenExecutionContext.execute(MavenExecutionContext.java:274)
	at org.eclipse.m2e.core.internal.embedder.MavenExecutionContext.execute(MavenExecutionContext.java:213)
	at org.eclipse.m2e.core.internal.embedder.MavenImpl.execute(MavenImpl.java:1102)
	at org.eclipse.m2e.core.internal.project.ProjectConfigurationManager.updateProjectConfiguration(ProjectConfigurationManager.java:339)
	at org.eclipse.m2e.core.ui.internal.UpdateMavenProjectJob.runInWorkspace(UpdateMavenProjectJob.java:80)
	at org.eclipse.core.internal.resources.InternalWorkspaceJob.run(InternalWorkspaceJob.java:43)
	at org.eclipse.core.internal.jobs.Worker.run(Worker.java:63)
Caused by: org.eclipse.aether.resolution.ArtifactResolutionException: Could not find artifact org.projectlombok:lombok:jar: in central (https://repo.maven.apache.org/maven2)
	at org.eclipse.aether.internal.impl.DefaultArtifactResolver.resolve(DefaultArtifactResolver.java:425)
	at org.eclipse.aether.internal.impl.DefaultArtifactResolver.resolveArtifacts(DefaultArtifactResolver.java:229)
	at org.eclipse.aether.internal.impl.DefaultRepositorySystem.resolveDependencies(DefaultRepositorySystem.java:340)
	... 27 common frames omitted
Caused by: org.eclipse.aether.transfer.ArtifactNotFoundException: Could not find artifact org.projectlombok:lombok:jar: in central (https://repo.maven.apache.org/maven2)
	at io.takari.aether.connector.AetherRepositoryConnector$2.wrap(AetherRepositoryConnector.java:887)
	at io.takari.aether.connector.AetherRepositoryConnector$2.wrap(AetherRepositoryConnector.java:1)
	at io.takari.aether.connector.AetherRepositoryConnector$GetTask.flush(AetherRepositoryConnector.java:659)
	at io.takari.aether.connector.AetherRepositoryConnector.get(AetherRepositoryConnector.java:337)
	at org.eclipse.aether.internal.impl.DefaultArtifactResolver.performDownloads(DefaultArtifactResolver.java:514)
	at org.eclipse.aether.internal.impl.DefaultArtifactResolver.resolve(DefaultArtifactResolver.java:402)
	... 29 common frames omitted
2025-07-10 14:08:09,486 [Worker-28: Updating Maven Project] INFO  o.e.m.c.i.p.ProjectConfigurationManager - Update completed for 1 poms: local refresh takes 0.00 sec, refresh facades takes 2.00 sec, update config takes 0.00 sec 
2025-07-10 14:08:09,690 [Worker-34: Download sources and javadoc] INFO  o.e.m.c.i.e.AbstractTransferListenerAdapter - Downloaded https://repo.maven.apache.org/maven2/org/springframework/cloud/spring-cloud-starter-netflix-eureka-client/4.1.3/spring-cloud-starter-netflix-eureka-client-4.1.3-sources.jar
2025-07-10 14:08:09,692 [Worker-34: Download sources and javadoc] ERROR o.e.m.j.internal.DownloadSourcesJob - Could not download sources for org.springframework.cloud:spring-cloud-starter-netflix-eureka-client:4.1.3
org.eclipse.core.runtime.CoreException: Could not resolve artifact org.springframework.cloud:spring-cloud-starter-netflix-eureka-client:jar:sources:4.1.3
	at org.eclipse.m2e.core.internal.embedder.MavenImpl.lambda$6(MavenImpl.java:587)
	at org.eclipse.m2e.core.internal.embedder.MavenExecutionContext.executeBare(MavenExecutionContext.java:364)
	at org.eclipse.m2e.core.internal.embedder.MavenExecutionContext.execute(MavenExecutionContext.java:227)
	at org.eclipse.m2e.core.internal.embedder.MavenExecutionContext.execute(MavenExecutionContext.java:213)
	at org.eclipse.m2e.core.internal.embedder.MavenImpl.resolve(MavenImpl.java:556)
	at org.eclipse.m2e.core.internal.embedder.MavenImpl.resolve(MavenImpl.java:541)
	at org.eclipse.m2e.jdt.internal.DownloadSourcesJob.download(DownloadSourcesJob.java:308)
	at org.eclipse.m2e.jdt.internal.DownloadSourcesJob.downloadAttachments(DownloadSourcesJob.java:282)
	at org.eclipse.m2e.jdt.internal.DownloadSourcesJob.downloadMaven(DownloadSourcesJob.java:252)
	at org.eclipse.m2e.jdt.internal.DownloadSourcesJob.downloadFilesAndPopulateToUpdate(DownloadSourcesJob.java:220)
	at org.eclipse.m2e.jdt.internal.DownloadSourcesJob.lambda$0(DownloadSourcesJob.java:149)
	at org.eclipse.m2e.core.internal.embedder.MavenExecutionContext.executeBare(MavenExecutionContext.java:364)
	at org.eclipse.m2e.core.internal.embedder.MavenExecutionContext.execute(MavenExecutionContext.java:274)
	at org.eclipse.m2e.core.internal.embedder.MavenExecutionContext.execute(MavenExecutionContext.java:213)
	at org.eclipse.m2e.core.embedder.IMaven.execute(IMaven.java:294)
	at org.eclipse.m2e.jdt.internal.DownloadSourcesJob.run(DownloadSourcesJob.java:149)
	at org.eclipse.core.internal.jobs.Worker.run(Worker.java:63)
2025-07-10 14:08:09,958 [Worker-34: Download sources and javadoc] INFO  o.e.m.c.i.e.AbstractTransferListenerAdapter - Downloaded https://repo.maven.apache.org/maven2/org/springframework/cloud/spring-cloud-starter/4.1.4/spring-cloud-starter-4.1.4-sources.jar
2025-07-10 14:08:09,961 [Worker-34: Download sources and javadoc] ERROR o.e.m.j.internal.DownloadSourcesJob - Could not download sources for org.springframework.cloud:spring-cloud-starter:4.1.4
org.eclipse.core.runtime.CoreException: Could not resolve artifact org.springframework.cloud:spring-cloud-starter:jar:sources:4.1.4
	at org.eclipse.m2e.core.internal.embedder.MavenImpl.lambda$6(MavenImpl.java:587)
	at org.eclipse.m2e.core.internal.embedder.MavenExecutionContext.executeBare(MavenExecutionContext.java:364)
	at org.eclipse.m2e.core.internal.embedder.MavenExecutionContext.execute(MavenExecutionContext.java:227)
	at org.eclipse.m2e.core.internal.embedder.MavenExecutionContext.execute(MavenExecutionContext.java:213)
	at org.eclipse.m2e.core.internal.embedder.MavenImpl.resolve(MavenImpl.java:556)
	at org.eclipse.m2e.core.internal.embedder.MavenImpl.resolve(MavenImpl.java:541)
	at org.eclipse.m2e.jdt.internal.DownloadSourcesJob.download(DownloadSourcesJob.java:308)
	at org.eclipse.m2e.jdt.internal.DownloadSourcesJob.downloadAttachments(DownloadSourcesJob.java:282)
	at org.eclipse.m2e.jdt.internal.DownloadSourcesJob.downloadMaven(DownloadSourcesJob.java:252)
	at org.eclipse.m2e.jdt.internal.DownloadSourcesJob.downloadFilesAndPopulateToUpdate(DownloadSourcesJob.java:220)
	at org.eclipse.m2e.jdt.internal.DownloadSourcesJob.lambda$0(DownloadSourcesJob.java:149)
	at org.eclipse.m2e.core.internal.embedder.MavenExecutionContext.executeBare(MavenExecutionContext.java:364)
	at org.eclipse.m2e.core.internal.embedder.MavenExecutionContext.execute(MavenExecutionContext.java:274)
	at org.eclipse.m2e.core.internal.embedder.MavenExecutionContext.execute(MavenExecutionContext.java:213)
	at org.eclipse.m2e.core.embedder.IMaven.execute(IMaven.java:294)
	at org.eclipse.m2e.jdt.internal.DownloadSourcesJob.run(DownloadSourcesJob.java:149)
	at org.eclipse.core.internal.jobs.Worker.run(Worker.java:63)
2025-07-10 14:08:10,012 [Worker-34: Download sources and javadoc] INFO  o.e.m.c.i.e.AbstractTransferListenerAdapter - Downloading https://repo.maven.apache.org/maven2/org/springframework/cloud/spring-cloud-context/4.1.4/spring-cloud-context-4.1.4-sources.jar
2025-07-10 14:08:10,073 [Worker-34: Download sources and javadoc] INFO  o.e.m.c.i.e.AbstractTransferListenerAdapter - Downloaded https://repo.maven.apache.org/maven2/org/springframework/cloud/spring-cloud-context/4.1.4/spring-cloud-context-4.1.4-sources.jar
2025-07-10 14:08:10,079 [Worker-34: Download sources and javadoc] INFO  o.e.m.j.internal.DownloadSourcesJob - Downloaded sources for org.springframework.cloud:spring-cloud-context:4.1.4
2025-07-10 14:08:10,125 [Worker-34: Download sources and javadoc] INFO  o.e.m.c.i.e.AbstractTransferListenerAdapter - Downloading https://repo.maven.apache.org/maven2/org/springframework/cloud/spring-cloud-commons/4.1.4/spring-cloud-commons-4.1.4-sources.jar
2025-07-10 14:08:10,205 [Worker-34: Download sources and javadoc] INFO  o.e.m.c.i.e.AbstractTransferListenerAdapter - Downloaded https://repo.maven.apache.org/maven2/org/springframework/cloud/spring-cloud-commons/4.1.4/spring-cloud-commons-4.1.4-sources.jar
2025-07-10 14:08:10,210 [Worker-34: Download sources and javadoc] INFO  o.e.m.j.internal.DownloadSourcesJob - Downloaded sources for org.springframework.cloud:spring-cloud-commons:4.1.4
2025-07-10 14:08:10,259 [Worker-34: Download sources and javadoc] INFO  o.e.m.c.i.e.AbstractTransferListenerAdapter - Downloading https://repo.maven.apache.org/maven2/org/springframework/security/spring-security-rsa/1.1.3/spring-security-rsa-1.1.3-sources.jar
2025-07-10 14:08:10,410 [Worker-34: Download sources and javadoc] INFO  o.e.m.c.i.e.AbstractTransferListenerAdapter - Downloaded https://repo.maven.apache.org/maven2/org/springframework/security/spring-security-rsa/1.1.3/spring-security-rsa-1.1.3-sources.jar
2025-07-10 14:08:10,414 [Worker-34: Download sources and javadoc] INFO  o.e.m.j.internal.DownloadSourcesJob - Downloaded sources for org.springframework.security:spring-security-rsa:1.1.3
2025-07-10 14:08:10,464 [Worker-34: Download sources and javadoc] INFO  o.e.m.c.i.e.AbstractTransferListenerAdapter - Downloading https://repo.maven.apache.org/maven2/org/bouncycastle/bcprov-jdk18on/1.78/bcprov-jdk18on-1.78-sources.jar
2025-07-10 14:08:14,031 [Worker-34: Download sources and javadoc] INFO  o.e.m.c.i.e.AbstractTransferListenerAdapter - Downloaded https://repo.maven.apache.org/maven2/org/bouncycastle/bcprov-jdk18on/1.78/bcprov-jdk18on-1.78-sources.jar
2025-07-10 14:08:14,034 [Worker-34: Download sources and javadoc] INFO  o.e.m.j.internal.DownloadSourcesJob - Downloaded sources for org.bouncycastle:bcprov-jdk18on:1.78
2025-07-10 14:08:14,297 [Worker-34: Download sources and javadoc] INFO  o.e.m.c.i.e.AbstractTransferListenerAdapter - Downloading https://repo.maven.apache.org/maven2/org/springframework/cloud/spring-cloud-netflix-eureka-client/4.1.3/spring-cloud-netflix-eureka-client-4.1.3-sources.jar
2025-07-10 14:08:14,343 [Worker-34: Download sources and javadoc] INFO  o.e.m.c.i.e.AbstractTransferListenerAdapter - Downloaded https://repo.maven.apache.org/maven2/org/springframework/cloud/spring-cloud-netflix-eureka-client/4.1.3/spring-cloud-netflix-eureka-client-4.1.3-sources.jar
2025-07-10 14:08:14,346 [Worker-34: Download sources and javadoc] INFO  o.e.m.j.internal.DownloadSourcesJob - Downloaded sources for org.springframework.cloud:spring-cloud-netflix-eureka-client:4.1.3
2025-07-10 14:08:14,392 [Worker-34: Download sources and javadoc] INFO  o.e.m.c.i.e.AbstractTransferListenerAdapter - Downloading https://repo.maven.apache.org/maven2/com/netflix/eureka/eureka-client/2.0.3/eureka-client-2.0.3-sources.jar
2025-07-10 14:08:14,454 [Worker-34: Download sources and javadoc] INFO  o.e.m.c.i.e.AbstractTransferListenerAdapter - Downloaded https://repo.maven.apache.org/maven2/com/netflix/eureka/eureka-client/2.0.3/eureka-client-2.0.3-sources.jar
2025-07-10 14:08:14,458 [Worker-34: Download sources and javadoc] INFO  o.e.m.j.internal.DownloadSourcesJob - Downloaded sources for com.netflix.eureka:eureka-client:2.0.3
2025-07-10 14:08:14,501 [Worker-34: Download sources and javadoc] INFO  o.e.m.c.i.e.AbstractTransferListenerAdapter - Downloading https://repo.maven.apache.org/maven2/com/netflix/archaius/archaius-core/0.7.6/archaius-core-0.7.6-sources.jar
2025-07-10 14:08:14,558 [Worker-34: Download sources and javadoc] INFO  o.e.m.c.i.e.AbstractTransferListenerAdapter - Downloaded https://repo.maven.apache.org/maven2/com/netflix/archaius/archaius-core/0.7.6/archaius-core-0.7.6-sources.jar
2025-07-10 14:08:14,562 [Worker-34: Download sources and javadoc] INFO  o.e.m.j.internal.DownloadSourcesJob - Downloaded sources for com.netflix.archaius:archaius-core:0.7.6
2025-07-10 14:08:14,602 [Worker-34: Download sources and javadoc] INFO  o.e.m.c.i.e.AbstractTransferListenerAdapter - Downloading https://repo.maven.apache.org/maven2/commons-logging/commons-logging/1.2/commons-logging-1.2-sources.jar
2025-07-10 14:08:14,658 [Worker-34: Download sources and javadoc] INFO  o.e.m.c.i.e.AbstractTransferListenerAdapter - Downloaded https://repo.maven.apache.org/maven2/commons-logging/commons-logging/1.2/commons-logging-1.2-sources.jar
2025-07-10 14:08:14,660 [Worker-34: Download sources and javadoc] INFO  o.e.m.j.internal.DownloadSourcesJob - Downloaded sources for commons-logging:commons-logging:1.2
2025-07-10 14:08:14,709 [Worker-34: Download sources and javadoc] INFO  o.e.m.c.i.e.AbstractTransferListenerAdapter - Downloading https://repo.maven.apache.org/maven2/com/github/vlsi/compactmap/compactmap/2.0/compactmap-2.0-sources.jar
2025-07-10 14:08:14,992 [Worker-34: Download sources and javadoc] INFO  o.e.m.c.i.e.AbstractTransferListenerAdapter - Downloaded https://repo.maven.apache.org/maven2/com/github/vlsi/compactmap/compactmap/2.0/compactmap-2.0-sources.jar
2025-07-10 14:08:14,995 [Worker-34: Download sources and javadoc] INFO  o.e.m.j.internal.DownloadSourcesJob - Downloaded sources for com.github.vlsi.compactmap:compactmap:2.0
2025-07-10 14:08:15,038 [Worker-34: Download sources and javadoc] INFO  o.e.m.c.i.e.AbstractTransferListenerAdapter - Downloading https://repo.maven.apache.org/maven2/com/github/andrewoma/dexx/dexx-collections/0.2/dexx-collections-0.2-sources.jar
2025-07-10 14:08:15,084 [Worker-34: Download sources and javadoc] INFO  o.e.m.c.i.e.AbstractTransferListenerAdapter - Downloaded https://repo.maven.apache.org/maven2/com/github/andrewoma/dexx/dexx-collections/0.2/dexx-collections-0.2-sources.jar
2025-07-10 14:08:15,087 [Worker-34: Download sources and javadoc] INFO  o.e.m.j.internal.DownloadSourcesJob - Downloaded sources for com.github.andrewoma.dexx:dexx-collections:0.2
2025-07-10 14:08:15,323 [Worker-34: Download sources and javadoc] INFO  o.e.m.c.i.e.AbstractTransferListenerAdapter - Downloaded https://repo.maven.apache.org/maven2/com/google/code/findbugs/annotations/2.0.0/annotations-2.0.0-sources.jar
2025-07-10 14:08:15,326 [Worker-34: Download sources and javadoc] ERROR o.e.m.j.internal.DownloadSourcesJob - Could not download sources for com.google.code.findbugs:annotations:2.0.0
org.eclipse.core.runtime.CoreException: Could not resolve artifact com.google.code.findbugs:annotations:jar:sources:2.0.0
	at org.eclipse.m2e.core.internal.embedder.MavenImpl.lambda$6(MavenImpl.java:587)
	at org.eclipse.m2e.core.internal.embedder.MavenExecutionContext.executeBare(MavenExecutionContext.java:364)
	at org.eclipse.m2e.core.internal.embedder.MavenExecutionContext.execute(MavenExecutionContext.java:227)
	at org.eclipse.m2e.core.internal.embedder.MavenExecutionContext.execute(MavenExecutionContext.java:213)
	at org.eclipse.m2e.core.internal.embedder.MavenImpl.resolve(MavenImpl.java:556)
	at org.eclipse.m2e.core.internal.embedder.MavenImpl.resolve(MavenImpl.java:541)
	at org.eclipse.m2e.jdt.internal.DownloadSourcesJob.download(DownloadSourcesJob.java:308)
	at org.eclipse.m2e.jdt.internal.DownloadSourcesJob.downloadAttachments(DownloadSourcesJob.java:282)
	at org.eclipse.m2e.jdt.internal.DownloadSourcesJob.downloadMaven(DownloadSourcesJob.java:252)
	at org.eclipse.m2e.jdt.internal.DownloadSourcesJob.downloadFilesAndPopulateToUpdate(DownloadSourcesJob.java:220)
	at org.eclipse.m2e.jdt.internal.DownloadSourcesJob.lambda$0(DownloadSourcesJob.java:149)
	at org.eclipse.m2e.core.internal.embedder.MavenExecutionContext.executeBare(MavenExecutionContext.java:364)
	at org.eclipse.m2e.core.internal.embedder.MavenExecutionContext.execute(MavenExecutionContext.java:274)
	at org.eclipse.m2e.core.internal.embedder.MavenExecutionContext.execute(MavenExecutionContext.java:213)
	at org.eclipse.m2e.core.embedder.IMaven.execute(IMaven.java:294)
	at org.eclipse.m2e.jdt.internal.DownloadSourcesJob.run(DownloadSourcesJob.java:149)
	at org.eclipse.core.internal.jobs.Worker.run(Worker.java:63)
2025-07-10 14:08:15,370 [Worker-34: Download sources and javadoc] INFO  o.e.m.c.i.e.AbstractTransferListenerAdapter - Downloading https://repo.maven.apache.org/maven2/com/netflix/eureka/eureka-core/2.0.3/eureka-core-2.0.3-sources.jar
2025-07-10 14:08:15,433 [Worker-34: Download sources and javadoc] INFO  o.e.m.c.i.e.AbstractTransferListenerAdapter - Downloaded https://repo.maven.apache.org/maven2/com/netflix/eureka/eureka-core/2.0.3/eureka-core-2.0.3-sources.jar
2025-07-10 14:08:15,436 [Worker-34: Download sources and javadoc] INFO  o.e.m.j.internal.DownloadSourcesJob - Downloaded sources for com.netflix.eureka:eureka-core:2.0.3
2025-07-10 14:08:15,704 [Worker-34: Download sources and javadoc] INFO  o.e.m.c.i.e.AbstractTransferListenerAdapter - Downloaded https://repo.maven.apache.org/maven2/org/springframework/cloud/spring-cloud-starter-loadbalancer/4.1.4/spring-cloud-starter-loadbalancer-4.1.4-sources.jar
2025-07-10 14:08:15,706 [Worker-34: Download sources and javadoc] ERROR o.e.m.j.internal.DownloadSourcesJob - Could not download sources for org.springframework.cloud:spring-cloud-starter-loadbalancer:4.1.4
org.eclipse.core.runtime.CoreException: Could not resolve artifact org.springframework.cloud:spring-cloud-starter-loadbalancer:jar:sources:4.1.4
	at org.eclipse.m2e.core.internal.embedder.MavenImpl.lambda$6(MavenImpl.java:587)
	at org.eclipse.m2e.core.internal.embedder.MavenExecutionContext.executeBare(MavenExecutionContext.java:364)
	at org.eclipse.m2e.core.internal.embedder.MavenExecutionContext.execute(MavenExecutionContext.java:227)
	at org.eclipse.m2e.core.internal.embedder.MavenExecutionContext.execute(MavenExecutionContext.java:213)
	at org.eclipse.m2e.core.internal.embedder.MavenImpl.resolve(MavenImpl.java:556)
	at org.eclipse.m2e.core.internal.embedder.MavenImpl.resolve(MavenImpl.java:541)
	at org.eclipse.m2e.jdt.internal.DownloadSourcesJob.download(DownloadSourcesJob.java:308)
	at org.eclipse.m2e.jdt.internal.DownloadSourcesJob.downloadAttachments(DownloadSourcesJob.java:282)
	at org.eclipse.m2e.jdt.internal.DownloadSourcesJob.downloadMaven(DownloadSourcesJob.java:252)
	at org.eclipse.m2e.jdt.internal.DownloadSourcesJob.downloadFilesAndPopulateToUpdate(DownloadSourcesJob.java:220)
	at org.eclipse.m2e.jdt.internal.DownloadSourcesJob.lambda$0(DownloadSourcesJob.java:149)
	at org.eclipse.m2e.core.internal.embedder.MavenExecutionContext.executeBare(MavenExecutionContext.java:364)
	at org.eclipse.m2e.core.internal.embedder.MavenExecutionContext.execute(MavenExecutionContext.java:274)
	at org.eclipse.m2e.core.internal.embedder.MavenExecutionContext.execute(MavenExecutionContext.java:213)
	at org.eclipse.m2e.core.embedder.IMaven.execute(IMaven.java:294)
	at org.eclipse.m2e.jdt.internal.DownloadSourcesJob.run(DownloadSourcesJob.java:149)
	at org.eclipse.core.internal.jobs.Worker.run(Worker.java:63)
2025-07-10 14:08:15,755 [Worker-34: Download sources and javadoc] INFO  o.e.m.c.i.e.AbstractTransferListenerAdapter - Downloading https://repo.maven.apache.org/maven2/org/springframework/cloud/spring-cloud-loadbalancer/4.1.4/spring-cloud-loadbalancer-4.1.4-sources.jar
2025-07-10 14:08:15,805 [Worker-34: Download sources and javadoc] INFO  o.e.m.c.i.e.AbstractTransferListenerAdapter - Downloaded https://repo.maven.apache.org/maven2/org/springframework/cloud/spring-cloud-loadbalancer/4.1.4/spring-cloud-loadbalancer-4.1.4-sources.jar
2025-07-10 14:08:15,808 [Worker-34: Download sources and javadoc] INFO  o.e.m.j.internal.DownloadSourcesJob - Downloaded sources for org.springframework.cloud:spring-cloud-loadbalancer:4.1.4
2025-07-10 14:08:38,074 [main] INFO  o.e.m2e.actions.ExecutePomAction - Creating new launch configuration
2025-07-10 14:09:02,693 [Worker-35: Launching 05-Product_Service (2)] INFO  o.e.m.i.launch.MavenLaunchDelegate - Run build in "C:\Pravin\TheTileBar\05-Product_Service":
2025-07-10 14:09:02,693 [Worker-35: Launching 05-Product_Service (2)] INFO  o.e.m.i.launch.MavenLaunchDelegate -  mvn  -Ppom.xml -B -Dstyle.color=always clean install
2025-07-10 14:10:04,624 [main] INFO  o.e.m2e.actions.ExecutePomAction - Creating new launch configuration
2025-07-10 14:10:14,413 [Worker-33: Launching 05-Product_Service (3)] INFO  o.e.m.i.launch.MavenLaunchDelegate - Run build in "C:\Pravin\TheTileBar\05-Product_Service":
2025-07-10 14:10:14,413 [Worker-33: Launching 05-Product_Service (3)] INFO  o.e.m.i.launch.MavenLaunchDelegate -  mvn  -Ppom.xml -B -Dstyle.color=always clean package
2025-07-10 14:11:49,237 [main] INFO  o.e.m2e.actions.ExecutePomAction - Creating new launch configuration
2025-07-10 14:11:57,471 [Worker-35: Launching 05-Product_Service (4)] INFO  o.e.m.i.launch.MavenLaunchDelegate - Run build in "C:\Pravin\TheTileBar\05-Product_Service":
2025-07-10 14:11:57,471 [Worker-35: Launching 05-Product_Service (4)] INFO  o.e.m.i.launch.MavenLaunchDelegate -  mvn  -Ppom.xml -B -Dstyle.color=always clean package
2025-07-10 14:12:37,040 [Worker-31: Launching 01_Discovery_Server - Application] INFO  o.a.m.s.f.DefaultMavenResourcesFiltering - Copying 1 resource from src\main\resources to target\classes
2025-07-10 14:12:37,062 [Worker-31: Launching 01_Discovery_Server - Application] INFO  o.a.m.s.f.DefaultMavenResourcesFiltering - Copying 0 resource from src\main\resources to target\classes
2025-07-10 14:12:37,065 [Worker-31: Launching 01_Discovery_Server - Application] INFO  o.a.m.s.f.DefaultMavenResourcesFiltering - skip non existing resourceDirectory C:\Pravin\TheTileBar\01_Discovery_Server\src\test\resources
2025-07-10 14:13:40,585 [Worker-37: Launching 05-Product_Service - Application] INFO  o.e.m.c.i.l.LifecycleMappingFactory - Using org.eclipse.m2e.jdt.JarLifecycleMapping lifecycle mapping for MavenProject: com.thetiebar:05-Product_Service:0.0.1-SNAPSHOT @ C:\Pravin\TheTileBar\05-Product_Service\pom.xml.
2025-07-10 14:13:41,528 [Worker-37: Launching 05-Product_Service - Application] INFO  o.a.m.s.f.DefaultMavenResourcesFiltering - Copying 1 resource from src\main\resources to target\classes
2025-07-10 14:13:41,542 [Worker-37: Launching 05-Product_Service - Application] INFO  o.a.m.s.f.DefaultMavenResourcesFiltering - Copying 0 resource from src\main\resources to target\classes
2025-07-10 14:13:41,544 [Worker-37: Launching 05-Product_Service - Application] INFO  o.a.m.s.f.DefaultMavenResourcesFiltering - skip non existing resourceDirectory C:\Pravin\TheTileBar\05-Product_Service\src\test\resources
2025-07-10 14:13:42,006 [Worker-31: Updating Maven Project] INFO  o.e.m.c.i.p.ProjectConfigurationManager - Update started
2025-07-10 14:13:42,564 [Worker-31: Updating Maven Project] INFO  o.e.m.c.i.l.LifecycleMappingFactory - Using org.eclipse.m2e.jdt.JarLifecycleMapping lifecycle mapping for MavenProject: com.thetiebar:05-Product_Service:0.0.1-SNAPSHOT @ C:\Pravin\TheTileBar\05-Product_Service\pom.xml.
2025-07-10 14:13:43,039 [Worker-30: Download sources and javadoc] INFO  o.e.m.c.i.e.AbstractTransferListenerAdapter - Downloaded https://repo.maven.apache.org/maven2/org/springframework/cloud/spring-cloud-starter-netflix-eureka-client/3.1.3/spring-cloud-starter-netflix-eureka-client-3.1.3-sources.jar
2025-07-10 14:13:43,043 [Worker-30: Download sources and javadoc] ERROR o.e.m.j.internal.DownloadSourcesJob - Could not download sources for org.springframework.cloud:spring-cloud-starter-netflix-eureka-client:3.1.3
org.eclipse.core.runtime.CoreException: Could not resolve artifact org.springframework.cloud:spring-cloud-starter-netflix-eureka-client:jar:sources:3.1.3
	at org.eclipse.m2e.core.internal.embedder.MavenImpl.lambda$6(MavenImpl.java:587)
	at org.eclipse.m2e.core.internal.embedder.MavenExecutionContext.executeBare(MavenExecutionContext.java:364)
	at org.eclipse.m2e.core.internal.embedder.MavenExecutionContext.execute(MavenExecutionContext.java:227)
	at org.eclipse.m2e.core.internal.embedder.MavenExecutionContext.execute(MavenExecutionContext.java:213)
	at org.eclipse.m2e.core.internal.embedder.MavenImpl.resolve(MavenImpl.java:556)
	at org.eclipse.m2e.core.internal.embedder.MavenImpl.resolve(MavenImpl.java:541)
	at org.eclipse.m2e.jdt.internal.DownloadSourcesJob.download(DownloadSourcesJob.java:308)
	at org.eclipse.m2e.jdt.internal.DownloadSourcesJob.downloadAttachments(DownloadSourcesJob.java:282)
	at org.eclipse.m2e.jdt.internal.DownloadSourcesJob.downloadMaven(DownloadSourcesJob.java:252)
	at org.eclipse.m2e.jdt.internal.DownloadSourcesJob.downloadFilesAndPopulateToUpdate(DownloadSourcesJob.java:220)
	at org.eclipse.m2e.jdt.internal.DownloadSourcesJob.lambda$0(DownloadSourcesJob.java:149)
	at org.eclipse.m2e.core.internal.embedder.MavenExecutionContext.executeBare(MavenExecutionContext.java:364)
	at org.eclipse.m2e.core.internal.embedder.MavenExecutionContext.execute(MavenExecutionContext.java:274)
	at org.eclipse.m2e.core.internal.embedder.MavenExecutionContext.execute(MavenExecutionContext.java:213)
	at org.eclipse.m2e.core.embedder.IMaven.execute(IMaven.java:294)
	at org.eclipse.m2e.jdt.internal.DownloadSourcesJob.run(DownloadSourcesJob.java:149)
	at org.eclipse.core.internal.jobs.Worker.run(Worker.java:63)
2025-07-10 14:13:43,312 [Worker-30: Download sources and javadoc] INFO  o.e.m.c.i.e.AbstractTransferListenerAdapter - Downloaded https://repo.maven.apache.org/maven2/org/springframework/cloud/spring-cloud-starter/3.1.3/spring-cloud-starter-3.1.3-sources.jar
2025-07-10 14:13:43,315 [Worker-30: Download sources and javadoc] ERROR o.e.m.j.internal.DownloadSourcesJob - Could not download sources for org.springframework.cloud:spring-cloud-starter:3.1.3
org.eclipse.core.runtime.CoreException: Could not resolve artifact org.springframework.cloud:spring-cloud-starter:jar:sources:3.1.3
	at org.eclipse.m2e.core.internal.embedder.MavenImpl.lambda$6(MavenImpl.java:587)
	at org.eclipse.m2e.core.internal.embedder.MavenExecutionContext.executeBare(MavenExecutionContext.java:364)
	at org.eclipse.m2e.core.internal.embedder.MavenExecutionContext.execute(MavenExecutionContext.java:227)
	at org.eclipse.m2e.core.internal.embedder.MavenExecutionContext.execute(MavenExecutionContext.java:213)
	at org.eclipse.m2e.core.internal.embedder.MavenImpl.resolve(MavenImpl.java:556)
	at org.eclipse.m2e.core.internal.embedder.MavenImpl.resolve(MavenImpl.java:541)
	at org.eclipse.m2e.jdt.internal.DownloadSourcesJob.download(DownloadSourcesJob.java:308)
	at org.eclipse.m2e.jdt.internal.DownloadSourcesJob.downloadAttachments(DownloadSourcesJob.java:282)
	at org.eclipse.m2e.jdt.internal.DownloadSourcesJob.downloadMaven(DownloadSourcesJob.java:252)
	at org.eclipse.m2e.jdt.internal.DownloadSourcesJob.downloadFilesAndPopulateToUpdate(DownloadSourcesJob.java:220)
	at org.eclipse.m2e.jdt.internal.DownloadSourcesJob.lambda$0(DownloadSourcesJob.java:149)
	at org.eclipse.m2e.core.internal.embedder.MavenExecutionContext.executeBare(MavenExecutionContext.java:364)
	at org.eclipse.m2e.core.internal.embedder.MavenExecutionContext.execute(MavenExecutionContext.java:274)
	at org.eclipse.m2e.core.internal.embedder.MavenExecutionContext.execute(MavenExecutionContext.java:213)
	at org.eclipse.m2e.core.embedder.IMaven.execute(IMaven.java:294)
	at org.eclipse.m2e.jdt.internal.DownloadSourcesJob.run(DownloadSourcesJob.java:149)
	at org.eclipse.core.internal.jobs.Worker.run(Worker.java:63)
2025-07-10 14:13:43,364 [Worker-30: Download sources and javadoc] INFO  o.e.m.c.i.e.AbstractTransferListenerAdapter - Downloading https://repo.maven.apache.org/maven2/org/springframework/cloud/spring-cloud-context/3.1.3/spring-cloud-context-3.1.3-sources.jar
2025-07-10 14:13:43,433 [Worker-30: Download sources and javadoc] INFO  o.e.m.c.i.e.AbstractTransferListenerAdapter - Downloaded https://repo.maven.apache.org/maven2/org/springframework/cloud/spring-cloud-context/3.1.3/spring-cloud-context-3.1.3-sources.jar
2025-07-10 14:13:43,437 [Worker-30: Download sources and javadoc] INFO  o.e.m.j.internal.DownloadSourcesJob - Downloaded sources for org.springframework.cloud:spring-cloud-context:3.1.3
2025-07-10 14:13:43,483 [Worker-30: Download sources and javadoc] INFO  o.e.m.c.i.e.AbstractTransferListenerAdapter - Downloading https://repo.maven.apache.org/maven2/org/springframework/cloud/spring-cloud-commons/3.1.3/spring-cloud-commons-3.1.3-sources.jar
2025-07-10 14:13:43,566 [Worker-30: Download sources and javadoc] INFO  o.e.m.c.i.e.AbstractTransferListenerAdapter - Downloaded https://repo.maven.apache.org/maven2/org/springframework/cloud/spring-cloud-commons/3.1.3/spring-cloud-commons-3.1.3-sources.jar
2025-07-10 14:13:43,571 [Worker-30: Download sources and javadoc] INFO  o.e.m.j.internal.DownloadSourcesJob - Downloaded sources for org.springframework.cloud:spring-cloud-commons:3.1.3
2025-07-10 14:13:43,604 [Worker-31: Updating Maven Project] INFO  o.e.m.j.i.AbstractJavaProjectConfigurator - Adding source folder /05-Product_Service/src/main/java
2025-07-10 14:13:43,604 [Worker-31: Updating Maven Project] INFO  o.e.m.j.i.AbstractJavaProjectConfigurator - Adding resource folder /05-Product_Service/src/main/resources
2025-07-10 14:13:43,604 [Worker-31: Updating Maven Project] INFO  o.e.m.j.i.AbstractJavaProjectConfigurator - Adding resource folder /05-Product_Service/src/main/resources
2025-07-10 14:13:43,605 [Worker-31: Updating Maven Project] INFO  o.e.m.j.i.AbstractJavaProjectConfigurator - Adding source folder /05-Product_Service/src/test/java
2025-07-10 14:13:43,618 [Worker-30: Download sources and javadoc] INFO  o.e.m.c.i.e.AbstractTransferListenerAdapter - Downloading https://repo.maven.apache.org/maven2/org/springframework/security/spring-security-rsa/1.0.10.RELEASE/spring-security-rsa-1.0.10.RELEASE-sources.jar
2025-07-10 14:13:43,629 [Worker-31: Updating Maven Project] WARN  o.e.m.c.i.embedder.EclipseLogger - The POM for org.projectlombok:lombok:jar: is missing, no dependency information available
2025-07-10 14:13:43,631 [Worker-31: Updating Maven Project] ERROR o.e.m.a.i.u.PluginDependencyResolver - Unable to collect dependencies for plugin
org.eclipse.aether.resolution.DependencyResolutionException: org.projectlombok:lombok:jar: was not found in https://repo.maven.apache.org/maven2 during a previous attempt. This failure was cached in the local repository and resolution is not reattempted until the update interval of central has elapsed or updates are forced
	at org.eclipse.aether.internal.impl.DefaultRepositorySystem.resolveDependencies(DefaultRepositorySystem.java:357)
	at org.eclipse.m2e.apt.internal.utils.PluginDependencyResolver.getResolvedPluginDependencies(PluginDependencyResolver.java:106)
	at org.eclipse.m2e.apt.internal.compiler.MavenCompilerJdtAptDelegate.getAnnotationProcessorConfiguration(MavenCompilerJdtAptDelegate.java:172)
	at org.eclipse.m2e.apt.internal.AbstractAptConfiguratorDelegate.configureClasspath(AbstractAptConfiguratorDelegate.java:255)
	at org.eclipse.m2e.apt.internal.AbstractAptProjectConfigurator.lambda$1(AbstractAptProjectConfigurator.java:156)
	at org.eclipse.m2e.core.internal.embedder.MavenExecutionContext.executeBare(MavenExecutionContext.java:364)
	at org.eclipse.m2e.core.internal.embedder.MavenExecutionContext.execute(MavenExecutionContext.java:274)
	at org.eclipse.m2e.core.internal.embedder.MavenExecutionContext.execute(MavenExecutionContext.java:213)
	at org.eclipse.m2e.apt.internal.AbstractAptProjectConfigurator.configureRawClasspath(AbstractAptProjectConfigurator.java:150)
	at org.eclipse.m2e.jdt.internal.AbstractJavaProjectConfigurator.invokeJavaProjectConfigurators(AbstractJavaProjectConfigurator.java:227)
	at org.eclipse.m2e.jdt.internal.AbstractJavaProjectConfigurator.configure(AbstractJavaProjectConfigurator.java:186)
	at org.eclipse.m2e.core.project.configurator.AbstractLifecycleMapping.configure(AbstractLifecycleMapping.java:123)
	at org.eclipse.m2e.core.internal.project.ProjectConfigurationManager.lambda$6(ProjectConfigurationManager.java:494)
	at org.eclipse.m2e.core.internal.embedder.MavenExecutionContext.executeBare(MavenExecutionContext.java:364)
	at org.eclipse.m2e.core.internal.embedder.MavenExecutionContext.execute(MavenExecutionContext.java:274)
	at org.eclipse.m2e.core.internal.project.ProjectConfigurationManager.updateProjectConfiguration(ProjectConfigurationManager.java:488)
	at org.eclipse.m2e.core.internal.project.ProjectConfigurationManager.lambda$4(ProjectConfigurationManager.java:416)
	at java.base/java.util.Collection.removeIf(Collection.java:576)
	at org.eclipse.m2e.core.internal.project.ProjectConfigurationManager.updateProjectConfiguration0(ProjectConfigurationManager.java:410)
	at org.eclipse.m2e.core.internal.project.ProjectConfigurationManager.lambda$3(ProjectConfigurationManager.java:340)
	at org.eclipse.m2e.core.internal.embedder.MavenExecutionContext.executeBare(MavenExecutionContext.java:364)
	at org.eclipse.m2e.core.internal.embedder.MavenExecutionContext.execute(MavenExecutionContext.java:274)
	at org.eclipse.m2e.core.internal.embedder.MavenExecutionContext.execute(MavenExecutionContext.java:213)
	at org.eclipse.m2e.core.internal.embedder.MavenImpl.execute(MavenImpl.java:1102)
	at org.eclipse.m2e.core.internal.project.ProjectConfigurationManager.updateProjectConfiguration(ProjectConfigurationManager.java:339)
	at org.eclipse.m2e.core.ui.internal.UpdateMavenProjectJob.runInWorkspace(UpdateMavenProjectJob.java:80)
	at org.eclipse.core.internal.resources.InternalWorkspaceJob.run(InternalWorkspaceJob.java:43)
	at org.eclipse.core.internal.jobs.Worker.run(Worker.java:63)
Caused by: org.eclipse.aether.resolution.ArtifactResolutionException: org.projectlombok:lombok:jar: was not found in https://repo.maven.apache.org/maven2 during a previous attempt. This failure was cached in the local repository and resolution is not reattempted until the update interval of central has elapsed or updates are forced
	at org.eclipse.aether.internal.impl.DefaultArtifactResolver.resolve(DefaultArtifactResolver.java:425)
	at org.eclipse.aether.internal.impl.DefaultArtifactResolver.resolveArtifacts(DefaultArtifactResolver.java:229)
	at org.eclipse.aether.internal.impl.DefaultRepositorySystem.resolveDependencies(DefaultRepositorySystem.java:340)
	... 27 common frames omitted
Caused by: org.eclipse.aether.transfer.ArtifactNotFoundException: org.projectlombok:lombok:jar: was not found in https://repo.maven.apache.org/maven2 during a previous attempt. This failure was cached in the local repository and resolution is not reattempted until the update interval of central has elapsed or updates are forced
	at org.eclipse.aether.internal.impl.DefaultUpdateCheckManager.newException(DefaultUpdateCheckManager.java:217)
	at org.eclipse.aether.internal.impl.DefaultUpdateCheckManager.checkArtifact(DefaultUpdateCheckManager.java:189)
	at org.eclipse.aether.internal.impl.DefaultArtifactResolver.gatherDownloads(DefaultArtifactResolver.java:574)
	at org.eclipse.aether.internal.impl.DefaultArtifactResolver.performDownloads(DefaultArtifactResolver.java:484)
	at org.eclipse.aether.internal.impl.DefaultArtifactResolver.resolve(DefaultArtifactResolver.java:402)
	... 29 common frames omitted
2025-07-10 14:13:43,632 [Worker-31: Updating Maven Project] INFO  o.e.m.c.i.p.ProjectConfigurationManager - Update completed for 1 poms: local refresh takes 0.00 sec, refresh facades takes 1.00 sec, update config takes 0.00 sec 
2025-07-10 14:13:43,807 [Worker-30: Download sources and javadoc] INFO  o.e.m.c.i.e.AbstractTransferListenerAdapter - Downloaded https://repo.maven.apache.org/maven2/org/springframework/security/spring-security-rsa/1.0.10.RELEASE/spring-security-rsa-1.0.10.RELEASE-sources.jar
2025-07-10 14:13:43,812 [Worker-30: Download sources and javadoc] INFO  o.e.m.j.internal.DownloadSourcesJob - Downloaded sources for org.springframework.security:spring-security-rsa:1.0.10.RELEASE
2025-07-10 14:13:43,863 [Worker-30: Download sources and javadoc] INFO  o.e.m.c.i.e.AbstractTransferListenerAdapter - Downloading https://repo.maven.apache.org/maven2/org/bouncycastle/bcpkix-jdk15on/1.68/bcpkix-jdk15on-1.68-sources.jar
2025-07-10 14:13:43,952 [Worker-30: Download sources and javadoc] INFO  o.e.m.c.i.e.AbstractTransferListenerAdapter - Downloaded https://repo.maven.apache.org/maven2/org/bouncycastle/bcpkix-jdk15on/1.68/bcpkix-jdk15on-1.68-sources.jar
2025-07-10 14:13:43,956 [Worker-30: Download sources and javadoc] INFO  o.e.m.j.internal.DownloadSourcesJob - Downloaded sources for org.bouncycastle:bcpkix-jdk15on:1.68
2025-07-10 14:13:44,001 [Worker-30: Download sources and javadoc] INFO  o.e.m.c.i.e.AbstractTransferListenerAdapter - Downloading https://repo.maven.apache.org/maven2/org/bouncycastle/bcprov-jdk15on/1.68/bcprov-jdk15on-1.68-sources.jar
2025-07-10 14:13:44,506 [Worker-30: Download sources and javadoc] INFO  o.e.m.c.i.e.AbstractTransferListenerAdapter - Downloaded https://repo.maven.apache.org/maven2/org/bouncycastle/bcprov-jdk15on/1.68/bcprov-jdk15on-1.68-sources.jar
2025-07-10 14:13:44,510 [Worker-30: Download sources and javadoc] INFO  o.e.m.j.internal.DownloadSourcesJob - Downloaded sources for org.bouncycastle:bcprov-jdk15on:1.68
2025-07-10 14:13:44,571 [Worker-30: Download sources and javadoc] INFO  o.e.m.c.i.e.AbstractTransferListenerAdapter - Downloading https://repo.maven.apache.org/maven2/org/springframework/cloud/spring-cloud-netflix-eureka-client/3.1.3/spring-cloud-netflix-eureka-client-3.1.3-sources.jar
2025-07-10 14:13:44,634 [Worker-30: Download sources and javadoc] INFO  o.e.m.c.i.e.AbstractTransferListenerAdapter - Downloaded https://repo.maven.apache.org/maven2/org/springframework/cloud/spring-cloud-netflix-eureka-client/3.1.3/spring-cloud-netflix-eureka-client-3.1.3-sources.jar
2025-07-10 14:13:44,638 [Worker-30: Download sources and javadoc] INFO  o.e.m.j.internal.DownloadSourcesJob - Downloaded sources for org.springframework.cloud:spring-cloud-netflix-eureka-client:3.1.3
2025-07-10 14:13:44,681 [Worker-30: Download sources and javadoc] INFO  o.e.m.c.i.e.AbstractTransferListenerAdapter - Downloading https://repo.maven.apache.org/maven2/com/google/errorprone/error_prone_annotations/2.38.0/error_prone_annotations-2.38.0-sources.jar
2025-07-10 14:13:45,204 [Worker-30: Download sources and javadoc] INFO  o.e.m.c.i.e.AbstractTransferListenerAdapter - Downloaded https://repo.maven.apache.org/maven2/com/google/errorprone/error_prone_annotations/2.38.0/error_prone_annotations-2.38.0-sources.jar
2025-07-10 14:13:45,208 [Worker-30: Download sources and javadoc] INFO  o.e.m.j.internal.DownloadSourcesJob - Downloaded sources for com.google.errorprone:error_prone_annotations:2.38.0
2025-07-10 14:13:45,254 [Worker-30: Download sources and javadoc] INFO  o.e.m.c.i.e.AbstractTransferListenerAdapter - Downloading https://repo.maven.apache.org/maven2/com/google/guava/guava/16.0/guava-16.0-sources.jar
2025-07-10 14:13:45,382 [Worker-30: Download sources and javadoc] INFO  o.e.m.c.i.e.AbstractTransferListenerAdapter - Downloaded https://repo.maven.apache.org/maven2/com/google/guava/guava/16.0/guava-16.0-sources.jar
2025-07-10 14:13:45,385 [Worker-30: Download sources and javadoc] INFO  o.e.m.j.internal.DownloadSourcesJob - Downloaded sources for com.google.guava:guava:16.0
2025-07-10 14:13:45,649 [Worker-30: Download sources and javadoc] INFO  o.e.m.c.i.e.AbstractTransferListenerAdapter - Downloaded https://repo.maven.apache.org/maven2/org/springframework/cloud/spring-cloud-starter-loadbalancer/3.1.3/spring-cloud-starter-loadbalancer-3.1.3-sources.jar
2025-07-10 14:13:45,653 [Worker-30: Download sources and javadoc] ERROR o.e.m.j.internal.DownloadSourcesJob - Could not download sources for org.springframework.cloud:spring-cloud-starter-loadbalancer:3.1.3
org.eclipse.core.runtime.CoreException: Could not resolve artifact org.springframework.cloud:spring-cloud-starter-loadbalancer:jar:sources:3.1.3
	at org.eclipse.m2e.core.internal.embedder.MavenImpl.lambda$6(MavenImpl.java:587)
	at org.eclipse.m2e.core.internal.embedder.MavenExecutionContext.executeBare(MavenExecutionContext.java:364)
	at org.eclipse.m2e.core.internal.embedder.MavenExecutionContext.execute(MavenExecutionContext.java:227)
	at org.eclipse.m2e.core.internal.embedder.MavenExecutionContext.execute(MavenExecutionContext.java:213)
	at org.eclipse.m2e.core.internal.embedder.MavenImpl.resolve(MavenImpl.java:556)
	at org.eclipse.m2e.core.internal.embedder.MavenImpl.resolve(MavenImpl.java:541)
	at org.eclipse.m2e.jdt.internal.DownloadSourcesJob.download(DownloadSourcesJob.java:308)
	at org.eclipse.m2e.jdt.internal.DownloadSourcesJob.downloadAttachments(DownloadSourcesJob.java:282)
	at org.eclipse.m2e.jdt.internal.DownloadSourcesJob.downloadMaven(DownloadSourcesJob.java:252)
	at org.eclipse.m2e.jdt.internal.DownloadSourcesJob.downloadFilesAndPopulateToUpdate(DownloadSourcesJob.java:220)
	at org.eclipse.m2e.jdt.internal.DownloadSourcesJob.lambda$0(DownloadSourcesJob.java:149)
	at org.eclipse.m2e.core.internal.embedder.MavenExecutionContext.executeBare(MavenExecutionContext.java:364)
	at org.eclipse.m2e.core.internal.embedder.MavenExecutionContext.execute(MavenExecutionContext.java:274)
	at org.eclipse.m2e.core.internal.embedder.MavenExecutionContext.execute(MavenExecutionContext.java:213)
	at org.eclipse.m2e.core.embedder.IMaven.execute(IMaven.java:294)
	at org.eclipse.m2e.jdt.internal.DownloadSourcesJob.run(DownloadSourcesJob.java:149)
	at org.eclipse.core.internal.jobs.Worker.run(Worker.java:63)
2025-07-10 14:13:45,701 [Worker-30: Download sources and javadoc] INFO  o.e.m.c.i.e.AbstractTransferListenerAdapter - Downloading https://repo.maven.apache.org/maven2/org/springframework/cloud/spring-cloud-loadbalancer/3.1.3/spring-cloud-loadbalancer-3.1.3-sources.jar
2025-07-10 14:13:45,752 [Worker-30: Download sources and javadoc] INFO  o.e.m.c.i.e.AbstractTransferListenerAdapter - Downloaded https://repo.maven.apache.org/maven2/org/springframework/cloud/spring-cloud-loadbalancer/3.1.3/spring-cloud-loadbalancer-3.1.3-sources.jar
2025-07-10 14:13:45,756 [Worker-30: Download sources and javadoc] INFO  o.e.m.j.internal.DownloadSourcesJob - Downloaded sources for org.springframework.cloud:spring-cloud-loadbalancer:3.1.3
2025-07-10 14:14:12,317 [Worker-35: Download sources and javadoc] INFO  o.e.m.c.i.e.AbstractTransferListenerAdapter - Downloaded https://repo.maven.apache.org/maven2/org/springframework/cloud/spring-cloud-starter-netflix-eureka-client/3.1.3/spring-cloud-starter-netflix-eureka-client-3.1.3-javadoc.jar
2025-07-10 14:14:12,319 [Worker-35: Download sources and javadoc] ERROR o.e.m.j.internal.DownloadSourcesJob - Could not download javadoc for org.springframework.cloud:spring-cloud-starter-netflix-eureka-client:3.1.3
org.eclipse.core.runtime.CoreException: Could not resolve artifact org.springframework.cloud:spring-cloud-starter-netflix-eureka-client:jar:javadoc:3.1.3
	at org.eclipse.m2e.core.internal.embedder.MavenImpl.lambda$6(MavenImpl.java:587)
	at org.eclipse.m2e.core.internal.embedder.MavenExecutionContext.executeBare(MavenExecutionContext.java:364)
	at org.eclipse.m2e.core.internal.embedder.MavenExecutionContext.execute(MavenExecutionContext.java:227)
	at org.eclipse.m2e.core.internal.embedder.MavenExecutionContext.execute(MavenExecutionContext.java:213)
	at org.eclipse.m2e.core.internal.embedder.MavenImpl.resolve(MavenImpl.java:556)
	at org.eclipse.m2e.core.internal.embedder.MavenImpl.resolve(MavenImpl.java:541)
	at org.eclipse.m2e.jdt.internal.DownloadSourcesJob.download(DownloadSourcesJob.java:308)
	at org.eclipse.m2e.jdt.internal.DownloadSourcesJob.downloadAttachments(DownloadSourcesJob.java:294)
	at org.eclipse.m2e.jdt.internal.DownloadSourcesJob.downloadMaven(DownloadSourcesJob.java:252)
	at org.eclipse.m2e.jdt.internal.DownloadSourcesJob.downloadFilesAndPopulateToUpdate(DownloadSourcesJob.java:220)
	at org.eclipse.m2e.jdt.internal.DownloadSourcesJob.lambda$0(DownloadSourcesJob.java:149)
	at org.eclipse.m2e.core.internal.embedder.MavenExecutionContext.executeBare(MavenExecutionContext.java:364)
	at org.eclipse.m2e.core.internal.embedder.MavenExecutionContext.execute(MavenExecutionContext.java:274)
	at org.eclipse.m2e.core.internal.embedder.MavenExecutionContext.execute(MavenExecutionContext.java:213)
	at org.eclipse.m2e.core.embedder.IMaven.execute(IMaven.java:294)
	at org.eclipse.m2e.jdt.internal.DownloadSourcesJob.run(DownloadSourcesJob.java:149)
	at org.eclipse.core.internal.jobs.Worker.run(Worker.java:63)
2025-07-10 14:14:12,368 [Worker-35: Download sources and javadoc] INFO  o.e.m.c.i.e.AbstractTransferListenerAdapter - Downloading https://repo.maven.apache.org/maven2/org/springframework/cloud/spring-cloud-starter/3.1.3/spring-cloud-starter-3.1.3-javadoc.jar
2025-07-10 14:14:12,419 [Worker-35: Download sources and javadoc] INFO  o.e.m.c.i.e.AbstractTransferListenerAdapter - Downloaded https://repo.maven.apache.org/maven2/org/springframework/cloud/spring-cloud-starter/3.1.3/spring-cloud-starter-3.1.3-javadoc.jar
2025-07-10 14:14:12,422 [Worker-35: Download sources and javadoc] INFO  o.e.m.j.internal.DownloadSourcesJob - Downloaded javadoc for org.springframework.cloud:spring-cloud-starter:3.1.3
2025-07-10 14:14:12,892 [Worker-35: Download sources and javadoc] INFO  o.e.m.c.i.e.AbstractTransferListenerAdapter - Downloaded https://repo.maven.apache.org/maven2/org/springframework/cloud/spring-cloud-starter-loadbalancer/3.1.3/spring-cloud-starter-loadbalancer-3.1.3-javadoc.jar
2025-07-10 14:14:12,896 [Worker-35: Download sources and javadoc] ERROR o.e.m.j.internal.DownloadSourcesJob - Could not download javadoc for org.springframework.cloud:spring-cloud-starter-loadbalancer:3.1.3
org.eclipse.core.runtime.CoreException: Could not resolve artifact org.springframework.cloud:spring-cloud-starter-loadbalancer:jar:javadoc:3.1.3
	at org.eclipse.m2e.core.internal.embedder.MavenImpl.lambda$6(MavenImpl.java:587)
	at org.eclipse.m2e.core.internal.embedder.MavenExecutionContext.executeBare(MavenExecutionContext.java:364)
	at org.eclipse.m2e.core.internal.embedder.MavenExecutionContext.execute(MavenExecutionContext.java:227)
	at org.eclipse.m2e.core.internal.embedder.MavenExecutionContext.execute(MavenExecutionContext.java:213)
	at org.eclipse.m2e.core.internal.embedder.MavenImpl.resolve(MavenImpl.java:556)
	at org.eclipse.m2e.core.internal.embedder.MavenImpl.resolve(MavenImpl.java:541)
	at org.eclipse.m2e.jdt.internal.DownloadSourcesJob.download(DownloadSourcesJob.java:308)
	at org.eclipse.m2e.jdt.internal.DownloadSourcesJob.downloadAttachments(DownloadSourcesJob.java:294)
	at org.eclipse.m2e.jdt.internal.DownloadSourcesJob.downloadMaven(DownloadSourcesJob.java:252)
	at org.eclipse.m2e.jdt.internal.DownloadSourcesJob.downloadFilesAndPopulateToUpdate(DownloadSourcesJob.java:220)
	at org.eclipse.m2e.jdt.internal.DownloadSourcesJob.lambda$0(DownloadSourcesJob.java:149)
	at org.eclipse.m2e.core.internal.embedder.MavenExecutionContext.executeBare(MavenExecutionContext.java:364)
	at org.eclipse.m2e.core.internal.embedder.MavenExecutionContext.execute(MavenExecutionContext.java:274)
	at org.eclipse.m2e.core.internal.embedder.MavenExecutionContext.execute(MavenExecutionContext.java:213)
	at org.eclipse.m2e.core.embedder.IMaven.execute(IMaven.java:294)
	at org.eclipse.m2e.jdt.internal.DownloadSourcesJob.run(DownloadSourcesJob.java:149)
	at org.eclipse.core.internal.jobs.Worker.run(Worker.java:63)
2025-07-10 14:14:42,369 [main] INFO  o.e.m2e.actions.ExecutePomAction - Creating new launch configuration
2025-07-10 14:14:49,017 [Worker-34: Launching 05-Product_Service (5)] INFO  o.e.m.i.launch.MavenLaunchDelegate - Run build in "C:\Pravin\TheTileBar\05-Product_Service":
2025-07-10 14:14:49,018 [Worker-34: Launching 05-Product_Service (5)] INFO  o.e.m.i.launch.MavenLaunchDelegate -  mvn  -Ppom.xml -B -Dstyle.color=always clean package
